Label,Run#,Success,Path Cost,Nodes Expanded,Nodes Generated,Runtime (s),Max Frontier,Timestamp
BT (Naive) / Map Coloring,1,True,1.0,11,0,0.009117,0,2026-08-14T16:52:55+00:00
BT (Naive) / Map Coloring,2,True,1.0,11,0,0.000339,0,2026-08-14T16:52:55+00:00
BT (Naive) / Map Coloring,3,True,1.0,11,0,0.00036,0,2026-08-14T16:52:55+00:00
BT (Naive) / Map Coloring,4,True,1.0,11,0,0.000349,0,2026-08-14T16:52:55+00:00
BT (Naive) / Map Coloring,5,True,1.0,11,0,0.000279,0,2026-08-14T16:52:55+00:00
BT (Naive) / Map Coloring,6,True,1.0,11,0,0.000272,0,2026-08-14T16:52:55+00:00
BT (Naive) / Map Coloring,7,True,1.0,11,0,0.000273,0,2026-08-14T16:52:55+00:00
BT (Naive) / Map Coloring,8,True,1.0,11,0,0.000413,0,2026-08-14T16:52:55+00:00
BT (Naive) / Map Coloring,9,True,1.0,11,0,0.00045,0,2026-08-14T16:52:55+00:00
BT (Naive) / Map Coloring,10,True,1.0,11,0,0.000366,0,2026-08-14T16:52:55+00:00
BT+MRV / Map Coloring,1,True,1.0,11,0,0.000335,0,2026-08-14T16:52:55+00:00
BT+MRV / Map Coloring,2,True,1.0,11,0,0.000325,0,2026-08-14T16:52:55+00:00
BT+MRV / Map Coloring,3,True,1.0,11,0,0.000491,0,2026-08-14T16:52:55+00:00
BT+MRV / Map Coloring,4,True,1.0,11,0,0.000391,0,2026-08-14T16:52:55+00:00
BT+MRV / Map Coloring,5,True,1.0,11,0,0.000275,0,2026-08-14T16:52:55+00:00
BT+MRV / Map Coloring,6,True,1.0,11,0,0.000264,0,2026-08-14T16:52:55+00:00
BT+MRV / Map Coloring,7,True,1.0,11,0,0.000253,0,2026-08-14T16:52:55+00:00
BT+MRV / Map Coloring,8,True,1.0,11,0,0.000299,0,2026-08-14T16:52:55+00:00
BT+MRV / Map Coloring,9,True,1.0,11,0,0.000251,0,2026-08-14T16:52:55+00:00
BT+MRV / Map Coloring,10,True,1.0,11,0,0.000315,0,2026-08-14T16:52:55+00:00
BT+FC / Map Coloring,1,True,1.0,7,0,0.000267,0,2026-08-14T16:52:55+00:00
BT+FC / Map Coloring,2,True,1.0,7,0,0.000292,0,2026-08-14T16:52:55+00:00
BT+FC / Map Coloring,3,True,1.0,7,0,0.000272,0,2026-08-14T16:52:55+00:00
BT+FC / Map Coloring,4,True,1.0,7,0,0.000266,0,2026-08-14T16:52:55+00:00
BT+FC / Map Coloring,5,True,1.0,7,0,0.000335,0,2026-08-14T16:52:55+00:00
BT+FC / Map Coloring,6,True,1.0,7,0,0.000273,0,2026-08-14T16:52:55+00:00
BT+FC / Map Coloring,7,True,1.0,7,0,0.000325,0,2026-08-14T16:52:55+00:00
BT+FC / Map Coloring,8,True,1.0,7,0,0.000324,0,2026-08-14T16:52:55+00:00
BT+FC / Map Coloring,9,True,1.0,7,0,0.000323,0,2026-08-14T16:52:55+00:00
BT+FC / Map Coloring,10,True,1.0,7,0,0.000264,0,2026-08-14T16:52:55+00:00
BT+MAC / Map Coloring,1,True,1.0,7,0,0.000552,0,2026-08-14T16:52:55+00:00
BT+MAC / Map Coloring,2,True,1.0,7,0,0.00044,0,2026-08-14T16:52:55+00:00
BT+MAC / Map Coloring,3,True,1.0,7,0,0.000406,0,2026-08-14T16:52:55+00:00
BT+MAC / Map Coloring,4,True,1.0,7,0,0.000339,0,2026-08-14T16:52:55+00:00
BT+MAC / Map Coloring,5,True,1.0,7,0,0.000349,0,2026-08-14T16:52:55+00:00
BT+MAC / Map Coloring,6,True,1.0,7,0,0.000303,0,2026-08-14T16:52:55+00:00
BT+MAC / Map Coloring,7,True,1.0,7,0,0.000299,0,2026-08-14T16:52:55+00:00
BT+MAC / Map Coloring,8,True,1.0,7,0,0.000331,0,2026-08-14T16:52:55+00:00
BT+MAC / Map Coloring,9,True,1.0,7,0,0.000324,0,2026-08-14T16:52:55+00:00
BT+MAC / Map Coloring,10,True,1.0,7,0,0.000296,0,2026-08-14T16:52:55+00:00
BT+MRV+FC / Map Coloring,1,True,1.0,7,0,0.000316,0,2026-08-14T16:52:55+00:00
BT+MRV+FC / Map Coloring,2,True,1.0,7,0,0.000344,0,2026-08-14T16:52:55+00:00
BT+MRV+FC / Map Coloring,3,True,1.0,7,0,0.000263,0,2026-08-14T16:52:55+00:00
BT+MRV+FC / Map Coloring,4,True,1.0,7,0,0.00026,0,2026-08-14T16:52:55+00:00
BT+MRV+FC / Map Coloring,5,True,1.0,7,0,0.000295,0,2026-08-14T16:52:55+00:00
BT+MRV+FC / Map Coloring,6,True,1.0,7,0,0.000266,0,2026-08-14T16:52:55+00:00
BT+MRV+FC / Map Coloring,7,True,1.0,7,0,0.000257,0,2026-08-14T16:52:55+00:00
BT+MRV+FC / Map Coloring,8,True,1.0,7,0,0.000258,0,2026-08-14T16:52:55+00:00
BT+MRV+FC / Map Coloring,9,True,1.0,7,0,0.000267,0,2026-08-14T16:52:55+00:00
BT+MRV+FC / Map Coloring,10,True,1.0,7,0,0.000445,0,2026-08-14T16:52:55+00:00
BT+MRV+MAC / Map Coloring,1,True,1.0,7,0,0.000381,0,2026-08-14T16:52:55+00:00
BT+MRV+MAC / Map Coloring,2,True,1.0,7,0,0.000311,0,2026-08-14T16:52:55+00:00
BT+MRV+MAC / Map Coloring,3,True,1.0,7,0,0.000307,0,2026-08-14T16:52:55+00:00
BT+MRV+MAC / Map Coloring,4,True,1.0,7,0,0.000306,0,2026-08-14T16:52:55+00:00
BT+MRV+MAC / Map Coloring,5,True,1.0,7,0,0.00031,0,2026-08-14T16:52:55+00:00
BT+MRV+MAC / Map Coloring,6,True,1.0,7,0,0.000316,0,2026-08-14T16:52:55+00:00
BT+MRV+MAC / Map Coloring,7,True,1.0,7,0,0.000314,0,2026-08-14T16:52:55+00:00
BT+MRV+MAC / Map Coloring,8,True,1.0,7,0,0.000304,0,2026-08-14T16:52:55+00:00
BT+MRV+MAC / Map Coloring,9,True,1.0,7,0,0.000309,0,2026-08-14T16:52:55+00:00
BT+MRV+MAC / Map Coloring,10,True,1.0,7,0,0.000356,0,2026-08-14T16:52:55+00:00
BT+Degree / Map Coloring,1,True,1.0,15,0,0.000326,0,2026-08-14T16:52:55+00:00
BT+Degree / Map Coloring,2,True,1.0,15,0,0.00028,0,2026-08-14T16:52:55+00:00
BT+Degree / Map Coloring,3,True,1.0,15,0,0.000341,0,2026-08-14T16:52:55+00:00
BT+Degree / Map Coloring,4,True,1.0,15,0,0.000319,0,2026-08-14T16:52:55+00:00
BT+Degree / Map Coloring,5,True,1.0,15,0,0.000292,0,2026-08-14T16:52:55+00:00
BT+Degree / Map Coloring,6,True,1.0,15,0,0.00029,0,2026-08-14T16:52:55+00:00
BT+Degree / Map Coloring,7,True,1.0,15,0,0.000276,0,2026-08-14T16:52:55+00:00
BT+Degree / Map Coloring,8,True,1.0,15,0,0.000276,0,2026-08-14T16:52:55+00:00
BT+Degree / Map Coloring,9,True,1.0,15,0,0.000305,0,2026-08-14T16:52:55+00:00
BT+Degree / Map Coloring,10,True,1.0,15,0,0.000409,0,2026-08-14T16:52:55+00:00
BT+LCV / Map Coloring,1,True,1.0,11,0,0.0004,0,2026-08-14T16:52:56+00:00
BT+LCV / Map Coloring,2,True,1.0,11,0,0.000307,0,2026-08-14T16:52:56+00:00
BT+LCV / Map Coloring,3,True,1.0,11,0,0.000298,0,2026-08-14T16:52:56+00:00
BT+LCV / Map Coloring,4,True,1.0,11,0,0.000383,0,2026-08-14T16:52:56+00:00
BT+LCV / Map Coloring,5,True,1.0,11,0,0.000291,0,2026-08-14T16:52:56+00:00
BT+LCV / Map Coloring,6,True,1.0,11,0,0.000307,0,2026-08-14T16:52:56+00:00
BT+LCV / Map Coloring,7,True,1.0,11,0,0.000307,0,2026-08-14T16:52:56+00:00
BT+LCV / Map Coloring,8,True,1.0,11,0,0.000371,0,2026-08-14T16:52:56+00:00
BT+LCV / Map Coloring,9,True,1.0,11,0,0.000357,0,2026-08-14T16:52:56+00:00
BT+LCV / Map Coloring,10,True,1.0,11,0,0.000374,0,2026-08-14T16:52:56+00:00
Backjumping / Map Coloring,1,True,1.0,11,0,0.000433,0,2026-08-14T16:52:56+00:00
Backjumping / Map Coloring,2,True,1.0,11,0,0.000265,0,2026-08-14T16:52:56+00:00
Backjumping / Map Coloring,3,True,1.0,11,0,0.000263,0,2026-08-14T16:52:56+00:00
Backjumping / Map Coloring,4,True,1.0,11,0,0.000259,0,2026-08-14T16:52:56+00:00
Backjumping / Map Coloring,5,True,1.0,11,0,0.000262,0,2026-08-14T16:52:56+00:00
Backjumping / Map Coloring,6,True,1.0,11,0,0.000281,0,2026-08-14T16:52:56+00:00
Backjumping / Map Coloring,7,True,1.0,11,0,0.000351,0,2026-08-14T16:52:56+00:00
Backjumping / Map Coloring,8,True,1.0,11,0,0.000259,0,2026-08-14T16:52:56+00:00
Backjumping / Map Coloring,9,True,1.0,11,0,0.000404,0,2026-08-14T16:52:56+00:00
Backjumping / Map Coloring,10,True,1.0,11,0,0.000267,0,2026-08-14T16:52:56+00:00
CBJ / Map Coloring,1,True,1.0,11,0,0.000311,0,2026-08-14T16:52:56+00:00
CBJ / Map Coloring,2,True,1.0,11,0,0.000286,0,2026-08-14T16:52:56+00:00
CBJ / Map Coloring,3,True,1.0,11,0,0.000255,0,2026-08-14T16:52:56+00:00
CBJ / Map Coloring,4,True,1.0,11,0,0.000273,0,2026-08-14T16:52:56+00:00
CBJ / Map Coloring,5,True,1.0,11,0,0.000254,0,2026-08-14T16:52:56+00:00
CBJ / Map Coloring,6,True,1.0,11,0,0.000268,0,2026-08-14T16:52:56+00:00
CBJ / Map Coloring,7,True,1.0,11,0,0.000254,0,2026-08-14T16:52:56+00:00
CBJ / Map Coloring,8,True,1.0,11,0,0.000254,0,2026-08-14T16:52:56+00:00
CBJ / Map Coloring,9,True,1.0,11,0,0.000252,0,2026-08-14T16:52:56+00:00
CBJ / Map Coloring,10,True,1.0,11,0,0.000253,0,2026-08-14T16:52:56+00:00
Symmetric BT / Map Coloring,1,True,1.0,11,0,0.000317,0,2026-08-14T16:52:56+00:00
Symmetric BT / Map Coloring,2,True,1.0,11,0,0.000253,0,2026-08-14T16:52:56+00:00
Symmetric BT / Map Coloring,3,True,1.0,11,0,0.000256,0,2026-08-14T16:52:56+00:00
Symmetric BT / Map Coloring,4,True,1.0,11,0,0.000286,0,2026-08-14T16:52:56+00:00
Symmetric BT / Map Coloring,5,True,1.0,11,0,0.000258,0,2026-08-14T16:52:56+00:00
Symmetric BT / Map Coloring,6,True,1.0,11,0,0.000252,0,2026-08-14T16:52:56+00:00
Symmetric BT / Map Coloring,7,True,1.0,11,0,0.000271,0,2026-08-14T16:52:56+00:00
Symmetric BT / Map Coloring,8,True,1.0,11,0,0.000254,0,2026-08-14T16:52:56+00:00
Symmetric BT / Map Coloring,9,True,1.0,11,0,0.000275,0,2026-08-14T16:52:56+00:00
Symmetric BT / Map Coloring,10,True,1.0,11,0,0.000257,0,2026-08-14T16:52:56+00:00
Min-Conflicts / Map Coloring,1,True,1.0,5,0,0.000343,0,2026-08-14T16:52:56+00:00
Min-Conflicts / Map Coloring,2,True,1.0,5,0,0.000215,0,2026-08-14T16:52:56+00:00
Min-Conflicts / Map Coloring,3,True,1.0,10,0,0.000249,0,2026-08-14T16:52:56+00:00
Min-Conflicts / Map Coloring,4,True,1.0,3,0,0.000187,0,2026-08-14T16:52:56+00:00
Min-Conflicts / Map Coloring,5,True,1.0,3,0,0.000175,0,2026-08-14T16:52:56+00:00
Min-Conflicts / Map Coloring,6,True,1.0,4,0,0.000174,0,2026-08-14T16:52:56+00:00
Min-Conflicts / Map Coloring,7,True,1.0,5,0,0.000189,0,2026-08-14T16:52:56+00:00
Min-Conflicts / Map Coloring,8,True,1.0,22,0,0.000382,0,2026-08-14T16:52:56+00:00
Min-Conflicts / Map Coloring,9,True,1.0,5,0,0.000196,0,2026-08-14T16:52:56+00:00
Min-Conflicts / Map Coloring,10,True,1.0,23,0,0.000346,0,2026-08-14T16:52:56+00:00
BT (Naive) / 8-Queens,1,True,1.0,876,0,0.003881,0,2026-08-14T16:52:56+00:00
BT (Naive) / 8-Queens,2,True,1.0,876,0,0.003809,0,2026-08-14T16:52:56+00:00
BT (Naive) / 8-Queens,3,True,1.0,876,0,0.003694,0,2026-08-14T16:52:56+00:00
BT (Naive) / 8-Queens,4,True,1.0,876,0,0.004448,0,2026-08-14T16:52:56+00:00
BT (Naive) / 8-Queens,5,True,1.0,876,0,0.00376,0,2026-08-14T16:52:56+00:00
BT (Naive) / 8-Queens,6,True,1.0,876,0,0.003862,0,2026-08-14T16:52:56+00:00
BT (Naive) / 8-Queens,7,True,1.0,876,0,0.003966,0,2026-08-14T16:52:56+00:00
BT (Naive) / 8-Queens,8,True,1.0,876,0,0.003776,0,2026-08-14T16:52:56+00:00
BT (Naive) / 8-Queens,9,True,1.0,876,0,0.00373,0,2026-08-14T16:52:56+00:00
BT (Naive) / 8-Queens,10,True,1.0,876,0,0.003863,0,2026-08-14T16:52:56+00:00
BT+MRV / 8-Queens,1,True,1.0,876,0,0.003783,0,2026-08-14T16:52:56+00:00
BT+MRV / 8-Queens,2,True,1.0,876,0,0.0038,0,2026-08-14T16:52:56+00:00
BT+MRV / 8-Queens,3,True,1.0,876,0,0.00379,0,2026-08-14T16:52:56+00:00
BT+MRV / 8-Queens,4,True,1.0,876,0,0.003838,0,2026-08-14T16:52:56+00:00
BT+MRV / 8-Queens,5,True,1.0,876,0,0.003807,0,2026-08-14T16:52:56+00:00
BT+MRV / 8-Queens,6,True,1.0,876,0,0.003793,0,2026-08-14T16:52:56+00:00
BT+MRV / 8-Queens,7,True,1.0,876,0,0.003817,0,2026-08-14T16:52:56+00:00
BT+MRV / 8-Queens,8,True,1.0,876,0,0.003877,0,2026-08-14T16:52:56+00:00
BT+MRV / 8-Queens,9,True,1.0,876,0,0.003815,0,2026-08-14T16:52:56+00:00
BT+MRV / 8-Queens,10,True,1.0,876,0,0.003793,0,2026-08-14T16:52:56+00:00
BT+FC / 8-Queens,1,True,1.0,88,0,0.00231,0,2026-08-14T16:52:56+00:00
BT+FC / 8-Queens,2,True,1.0,88,0,0.002316,0,2026-08-14T16:52:56+00:00
BT+FC / 8-Queens,3,True,1.0,88,0,0.002293,0,2026-08-14T16:52:56+00:00
BT+FC / 8-Queens,4,True,1.0,88,0,0.002297,0,2026-08-14T16:52:56+00:00
BT+FC / 8-Queens,5,True,1.0,88,0,0.002297,0,2026-08-14T16:52:56+00:00
BT+FC / 8-Queens,6,True,1.0,88,0,0.002298,0,2026-08-14T16:52:56+00:00
BT+FC / 8-Queens,7,True,1.0,88,0,0.0023,0,2026-08-14T16:52:56+00:00
BT+FC / 8-Queens,8,True,1.0,88,0,0.002301,0,2026-08-14T16:52:56+00:00
BT+FC / 8-Queens,9,True,1.0,88,0,0.002329,0,2026-08-14T16:52:56+00:00
BT+FC / 8-Queens,10,True,1.0,88,0,0.002328,0,2026-08-14T16:52:56+00:00
BT+MAC / 8-Queens,1,True,1.0,20,0,0.002716,0,2026-08-14T16:52:56+00:00
BT+MAC / 8-Queens,2,True,1.0,20,0,0.002685,0,2026-08-14T16:52:56+00:00
BT+MAC / 8-Queens,3,True,1.0,20,0,0.002689,0,2026-08-14T16:52:56+00:00
BT+MAC / 8-Queens,4,True,1.0,20,0,0.002721,0,2026-08-14T16:52:56+00:00
BT+MAC / 8-Queens,5,True,1.0,20,0,0.002686,0,2026-08-14T16:52:56+00:00
BT+MAC / 8-Queens,6,True,1.0,20,0,0.002669,0,2026-08-14T16:52:56+00:00
BT+MAC / 8-Queens,7,True,1.0,20,0,0.002704,0,2026-08-14T16:52:56+00:00
BT+MAC / 8-Queens,8,True,1.0,20,0,0.002788,0,2026-08-14T16:52:56+00:00
BT+MAC / 8-Queens,9,True,1.0,20,0,0.002697,0,2026-08-14T16:52:56+00:00
BT+MAC / 8-Queens,10,True,1.0,20,0,0.002762,0,2026-08-14T16:52:56+00:00
BT+MRV+FC / 8-Queens,1,True,1.0,75,0,0.00212,0,2026-08-14T16:52:56+00:00
BT+MRV+FC / 8-Queens,2,True,1.0,75,0,0.002151,0,2026-08-14T16:52:56+00:00
BT+MRV+FC / 8-Queens,3,True,1.0,75,0,0.002115,0,2026-08-14T16:52:56+00:00
BT+MRV+FC / 8-Queens,4,True,1.0,75,0,0.002125,0,2026-08-14T16:52:56+00:00
BT+MRV+FC / 8-Queens,5,True,1.0,75,0,0.002126,0,2026-08-14T16:52:56+00:00
BT+MRV+FC / 8-Queens,6,True,1.0,75,0,0.002111,0,2026-08-14T16:52:56+00:00
BT+MRV+FC / 8-Queens,7,True,1.0,75,0,0.002171,0,2026-08-14T16:52:56+00:00
BT+MRV+FC / 8-Queens,8,True,1.0,75,0,0.002252,0,2026-08-14T16:52:56+00:00
BT+MRV+FC / 8-Queens,9,True,1.0,75,0,0.002159,0,2026-08-14T16:52:56+00:00
BT+MRV+FC / 8-Queens,10,True,1.0,75,0,0.002152,0,2026-08-14T16:52:56+00:00
BT+MRV+MAC / 8-Queens,1,True,1.0,20,0,0.002714,0,2026-08-14T16:52:56+00:00
BT+MRV+MAC / 8-Queens,2,True,1.0,20,0,0.0027,0,2026-08-14T16:52:56+00:00
BT+MRV+MAC / 8-Queens,3,True,1.0,20,0,0.002697,0,2026-08-14T16:52:56+00:00
BT+MRV+MAC / 8-Queens,4,True,1.0,20,0,0.002695,0,2026-08-14T16:52:56+00:00
BT+MRV+MAC / 8-Queens,5,True,1.0,20,0,0.002724,0,2026-08-14T16:52:56+00:00
BT+MRV+MAC / 8-Queens,6,True,1.0,20,0,0.002725,0,2026-08-14T16:52:56+00:00
BT+MRV+MAC / 8-Queens,7,True,1.0,20,0,0.002678,0,2026-08-14T16:52:56+00:00
BT+MRV+MAC / 8-Queens,8,True,1.0,20,0,0.002764,0,2026-08-14T16:52:56+00:00
BT+MRV+MAC / 8-Queens,9,True,1.0,20,0,0.002694,0,2026-08-14T16:52:56+00:00
BT+MRV+MAC / 8-Queens,10,True,1.0,20,0,0.002821,0,2026-08-14T16:52:56+00:00
BT+Degree / 8-Queens,1,True,1.0,876,0,0.004471,0,2026-08-14T16:52:56+00:00
BT+Degree / 8-Queens,2,True,1.0,876,0,0.004706,0,2026-08-14T16:52:56+00:00
BT+Degree / 8-Queens,3,True,1.0,876,0,0.00466,0,2026-08-14T16:52:56+00:00
BT+Degree / 8-Queens,4,True,1.0,876,0,0.004593,0,2026-08-14T16:52:56+00:00
BT+Degree / 8-Queens,5,True,1.0,876,0,0.00461,0,2026-08-14T16:52:56+00:00
BT+Degree / 8-Queens,6,True,1.0,876,0,0.004959,0,2026-08-14T16:52:56+00:00
BT+Degree / 8-Queens,7,True,1.0,876,0,0.004501,0,2026-08-14T16:52:56+00:00
BT+Degree / 8-Queens,8,True,1.0,876,0,0.004475,0,2026-08-14T16:52:56+00:00
BT+Degree / 8-Queens,9,True,1.0,876,0,0.004531,0,2026-08-14T16:52:56+00:00
BT+Degree / 8-Queens,10,True,1.0,876,0,0.00498,0,2026-08-14T16:52:56+00:00
BT+LCV / 8-Queens,1,True,1.0,991,0,0.012085,0,2026-08-14T16:52:56+00:00
BT+LCV / 8-Queens,2,True,1.0,991,0,0.011977,0,2026-08-14T16:52:56+00:00
BT+LCV / 8-Queens,3,True,1.0,991,0,0.012177,0,2026-08-14T16:52:56+00:00
BT+LCV / 8-Queens,4,True,1.0,991,0,0.012158,0,2026-08-14T16:52:56+00:00
BT+LCV / 8-Queens,5,True,1.0,991,0,0.012821,0,2026-08-14T16:52:56+00:00
BT+LCV / 8-Queens,6,True,1.0,991,0,0.012234,0,2026-08-14T16:52:56+00:00
BT+LCV / 8-Queens,7,True,1.0,991,0,0.012761,0,2026-08-14T16:52:56+00:00
BT+LCV / 8-Queens,8,True,1.0,991,0,0.012124,0,2026-08-14T16:52:56+00:00
BT+LCV / 8-Queens,9,True,1.0,991,0,0.012688,0,2026-08-14T16:52:56+00:00
BT+LCV / 8-Queens,10,True,1.0,991,0,0.012131,0,2026-08-14T16:52:56+00:00
Backjumping / 8-Queens,1,True,1.0,844,0,0.004189,0,2026-08-14T16:52:56+00:00
Backjumping / 8-Queens,2,True,1.0,844,0,0.004081,0,2026-08-14T16:52:56+00:00
Backjumping / 8-Queens,3,True,1.0,844,0,0.004301,0,2026-08-14T16:52:56+00:00
Backjumping / 8-Queens,4,True,1.0,844,0,0.004123,0,2026-08-14T16:52:56+00:00
Backjumping / 8-Queens,5,True,1.0,844,0,0.004099,0,2026-08-14T16:52:56+00:00
Backjumping / 8-Queens,6,True,1.0,844,0,0.004513,0,2026-08-14T16:52:56+00:00
Backjumping / 8-Queens,7,True,1.0,844,0,0.004245,0,2026-08-14T16:52:56+00:00
Backjumping / 8-Queens,8,True,1.0,844,0,0.004092,0,2026-08-14T16:52:56+00:00
Backjumping / 8-Queens,9,True,1.0,844,0,0.004159,0,2026-08-14T16:52:56+00:00
Backjumping / 8-Queens,10,True,1.0,844,0,0.004365,0,2026-08-14T16:52:56+00:00
CBJ / 8-Queens,1,True,1.0,862,0,0.004168,0,2026-08-14T16:52:56+00:00
CBJ / 8-Queens,2,True,1.0,862,0,0.00414,0,2026-08-14T16:52:56+00:00
CBJ / 8-Queens,3,True,1.0,862,0,0.004384,0,2026-08-14T16:52:56+00:00
CBJ / 8-Queens,4,True,1.0,862,0,0.004114,0,2026-08-14T16:52:56+00:00
CBJ / 8-Queens,5,True,1.0,862,0,0.004229,0,2026-08-14T16:52:56+00:00
CBJ / 8-Queens,6,True,1.0,862,0,0.004425,0,2026-08-14T16:52:56+00:00
CBJ / 8-Queens,7,True,1.0,862,0,0.00423,0,2026-08-14T16:52:56+00:00
CBJ / 8-Queens,8,True,1.0,862,0,0.004059,0,2026-08-14T16:52:56+00:00
CBJ / 8-Queens,9,True,1.0,862,0,0.004148,0,2026-08-14T16:52:56+00:00
CBJ / 8-Queens,10,True,1.0,862,0,0.004403,0,2026-08-14T16:52:56+00:00
Symmetric BT / 8-Queens,1,True,1.0,876,0,0.003906,0,2026-08-14T16:52:56+00:00
Symmetric BT / 8-Queens,2,True,1.0,876,0,0.003876,0,2026-08-14T16:52:56+00:00
Symmetric BT / 8-Queens,3,True,1.0,876,0,0.00395,0,2026-08-14T16:52:56+00:00
Symmetric BT / 8-Queens,4,True,1.0,876,0,0.004375,0,2026-08-14T16:52:56+00:00
Symmetric BT / 8-Queens,5,True,1.0,876,0,0.003886,0,2026-08-14T16:52:56+00:00
Symmetric BT / 8-Queens,6,True,1.0,876,0,0.003852,0,2026-08-14T16:52:56+00:00
Symmetric BT / 8-Queens,7,True,1.0,876,0,0.004256,0,2026-08-14T16:52:56+00:00
Symmetric BT / 8-Queens,8,True,1.0,876,0,0.004067,0,2026-08-14T16:52:56+00:00
Symmetric BT / 8-Queens,9,True,1.0,876,0,0.003886,0,2026-08-14T16:52:56+00:00
Symmetric BT / 8-Queens,10,True,1.0,876,0,0.004033,0,2026-08-14T16:52:56+00:00
Min-Conflicts / 8-Queens,1,True,1.0,42,0,0.001828,0,2026-08-14T16:52:56+00:00
Min-Conflicts / 8-Queens,2,True,1.0,122,0,0.004326,0,2026-08-14T16:52:56+00:00
Min-Conflicts / 8-Queens,3,True,1.0,16,0,0.000824,0,2026-08-14T16:52:56+00:00
Min-Conflicts / 8-Queens,4,True,1.0,28,0,0.001238,0,2026-08-14T16:52:56+00:00
Min-Conflicts / 8-Queens,5,False,0.0,100000,0,3.564801,0,2026-08-14T16:53:00+00:00
Min-Conflicts / 8-Queens,6,True,1.0,7,0,0.000602,0,2026-08-14T16:53:00+00:00
Min-Conflicts / 8-Queens,7,True,1.0,27,0,0.001165,0,2026-08-14T16:53:00+00:00
Min-Conflicts / 8-Queens,8,True,1.0,133,0,0.004435,0,2026-08-14T16:53:00+00:00
Min-Conflicts / 8-Queens,9,True,1.0,34,0,0.001349,0,2026-08-14T16:53:00+00:00
Min-Conflicts / 8-Queens,10,True,1.0,51,0,0.001913,0,2026-08-14T16:53:00+00:00
BT+MRV / Sudoku Easy,1,True,1.0,1637,0,0.097125,0,2026-08-14T16:53:00+00:00
BT+MRV / Sudoku Easy,2,True,1.0,1637,0,0.092153,0,2026-08-14T16:53:00+00:00
BT+MRV / Sudoku Easy,3,True,1.0,1637,0,0.091936,0,2026-08-14T16:53:00+00:00
BT+MRV / Sudoku Easy,4,True,1.0,1637,0,0.093358,0,2026-08-14T16:53:00+00:00
BT+MRV / Sudoku Easy,5,True,1.0,1637,0,0.092562,0,2026-08-14T16:53:00+00:00
BT+MRV / Sudoku Easy,6,True,1.0,1637,0,0.121394,0,2026-08-14T16:53:00+00:00
BT+MRV / Sudoku Easy,7,True,1.0,1637,0,0.093575,0,2026-08-14T16:53:00+00:00
BT+MRV / Sudoku Easy,8,True,1.0,1637,0,0.092161,0,2026-08-14T16:53:00+00:00
BT+MRV / Sudoku Easy,9,True,1.0,1637,0,0.092763,0,2026-08-14T16:53:01+00:00
BT+MRV / Sudoku Easy,10,True,1.0,1637,0,0.092108,0,2026-08-14T16:53:01+00:00
BT+FC / Sudoku Easy,1,True,1.0,489,0,0.156486,0,2026-08-14T16:53:01+00:00
BT+FC / Sudoku Easy,2,True,1.0,489,0,0.150656,0,2026-08-14T16:53:01+00:00
BT+FC / Sudoku Easy,3,True,1.0,489,0,0.150799,0,2026-08-14T16:53:01+00:00
BT+FC / Sudoku Easy,4,True,1.0,489,0,0.162451,0,2026-08-14T16:53:01+00:00
BT+FC / Sudoku Easy,5,True,1.0,489,0,0.162042,0,2026-08-14T16:53:01+00:00
BT+FC / Sudoku Easy,6,True,1.0,489,0,0.157177,0,2026-08-14T16:53:02+00:00
BT+FC / Sudoku Easy,7,True,1.0,489,0,0.153363,0,2026-08-14T16:53:02+00:00
BT+FC / Sudoku Easy,8,True,1.0,489,0,0.155009,0,2026-08-14T16:53:02+00:00
BT+FC / Sudoku Easy,9,True,1.0,489,0,0.15462,0,2026-08-14T16:53:02+00:00
BT+FC / Sudoku Easy,10,True,1.0,489,0,0.153729,0,2026-08-14T16:53:02+00:00
BT+MAC / Sudoku Easy,1,True,1.0,402,0,0.238966,0,2026-08-14T16:53:03+00:00
BT+MAC / Sudoku Easy,2,True,1.0,402,0,0.235384,0,2026-08-14T16:53:03+00:00
BT+MAC / Sudoku Easy,3,True,1.0,402,0,0.238427,0,2026-08-14T16:53:03+00:00
BT+MAC / Sudoku Easy,4,True,1.0,402,0,0.23249,0,2026-08-14T16:53:03+00:00
BT+MAC / Sudoku Easy,5,True,1.0,402,0,0.237339,0,2026-08-14T16:53:03+00:00
BT+MAC / Sudoku Easy,6,True,1.0,402,0,0.240415,0,2026-08-14T16:53:04+00:00
BT+MAC / Sudoku Easy,7,True,1.0,402,0,0.237522,0,2026-08-14T16:53:04+00:00
BT+MAC / Sudoku Easy,8,True,1.0,402,0,0.234189,0,2026-08-14T16:53:04+00:00
BT+MAC / Sudoku Easy,9,True,1.0,402,0,0.238181,0,2026-08-14T16:53:04+00:00
BT+MAC / Sudoku Easy,10,True,1.0,402,0,0.232039,0,2026-08-14T16:53:05+00:00
BT+MRV+FC / Sudoku Easy,1,True,1.0,81,0,0.040102,0,2026-08-14T16:53:05+00:00
BT+MRV+FC / Sudoku Easy,2,True,1.0,81,0,0.040404,0,2026-08-14T16:53:05+00:00
BT+MRV+FC / Sudoku Easy,3,True,1.0,81,0,0.040821,0,2026-08-14T16:53:05+00:00
BT+MRV+FC / Sudoku Easy,4,True,1.0,81,0,0.043674,0,2026-08-14T16:53:05+00:00
BT+MRV+FC / Sudoku Easy,5,True,1.0,81,0,0.048048,0,2026-08-14T16:53:05+00:00
BT+MRV+FC / Sudoku Easy,6,True,1.0,81,0,0.043281,0,2026-08-14T16:53:05+00:00
BT+MRV+FC / Sudoku Easy,7,True,1.0,81,0,0.043021,0,2026-08-14T16:53:05+00:00
BT+MRV+FC / Sudoku Easy,8,True,1.0,81,0,0.042467,0,2026-08-14T16:53:05+00:00
BT+MRV+FC / Sudoku Easy,9,True,1.0,81,0,0.04249,0,2026-08-14T16:53:05+00:00
BT+MRV+FC / Sudoku Easy,10,True,1.0,81,0,0.042084,0,2026-08-14T16:53:05+00:00
BT+MRV+MAC / Sudoku Easy,1,True,1.0,81,0,0.077496,0,2026-08-14T16:53:05+00:00
BT+MRV+MAC / Sudoku Easy,2,True,1.0,81,0,0.077117,0,2026-08-14T16:53:05+00:00
BT+MRV+MAC / Sudoku Easy,3,True,1.0,81,0,0.077604,0,2026-08-14T16:53:05+00:00
BT+MRV+MAC / Sudoku Easy,4,True,1.0,81,0,0.077125,0,2026-08-14T16:53:05+00:00
BT+MRV+MAC / Sudoku Easy,5,True,1.0,81,0,0.077266,0,2026-08-14T16:53:06+00:00
BT+MRV+MAC / Sudoku Easy,6,True,1.0,81,0,0.0803,0,2026-08-14T16:53:06+00:00
BT+MRV+MAC / Sudoku Easy,7,True,1.0,81,0,0.076969,0,2026-08-14T16:53:06+00:00
BT+MRV+MAC / Sudoku Easy,8,True,1.0,81,0,0.076733,0,2026-08-14T16:53:06+00:00
BT+MRV+MAC / Sudoku Easy,9,True,1.0,81,0,0.076844,0,2026-08-14T16:53:06+00:00
BT+MRV+MAC / Sudoku Easy,10,True,1.0,81,0,0.076149,0,2026-08-14T16:53:06+00:00
BT+Degree / Sudoku Easy,1,False,0,1449935,0,10.0,0,2026-08-14T16:55:50+00:00
BT+LCV / Sudoku Easy,1,False,0,1743891,0,10.0,0,2026-08-14T16:58:33+00:00
Backjumping / Sudoku Easy,1,False,0.0,1183,0,0.174359,0,2026-08-14T16:58:33+00:00
CBJ / Sudoku Easy,1,False,0,1269489,0,10.0,0,2026-08-14T16:59:58+00:00
Symmetric BT / Sudoku Easy,1,False,0,5774155,0,10.0,0,2026-08-14T17:05:22+00:00
BT+FC / Sudoku Hard,1,False,0,1809529,0,10.0,0,2026-08-14T17:15:00+00:00
BT+MAC / Sudoku Hard,1,False,0,1319567,0,10.0,0,2026-08-14T17:29:30+00:00
BT+MRV+FC / Sudoku Hard,1,True,1.0,5587,0,1.712155,0,2026-08-14T17:29:32+00:00
BT+MRV+FC / Sudoku Hard,2,True,1.0,5587,0,1.669321,0,2026-08-14T17:29:33+00:00
BT+MRV+FC / Sudoku Hard,3,True,1.0,5587,0,1.644358,0,2026-08-14T17:29:35+00:00
BT+MRV+FC / Sudoku Hard,4,True,1.0,5587,0,1.735601,0,2026-08-14T17:29:37+00:00
BT+MRV+FC / Sudoku Hard,5,True,1.0,5587,0,1.700128,0,2026-08-14T17:29:38+00:00
BT+MRV+FC / Sudoku Hard,6,True,1.0,5587,0,1.743388,0,2026-08-14T17:29:40+00:00
BT+MRV+FC / Sudoku Hard,7,True,1.0,5587,0,1.801174,0,2026-08-14T17:29:42+00:00
BT+MRV+FC / Sudoku Hard,8,True,1.0,5587,0,1.73811,0,2026-08-14T17:29:44+00:00
BT+MRV+FC / Sudoku Hard,9,True,1.0,5587,0,1.658897,0,2026-08-14T17:29:45+00:00
BT+MRV+FC / Sudoku Hard,10,True,1.0,5587,0,1.826064,0,2026-08-14T17:29:47+00:00
BT+MRV+MAC / Sudoku Hard,1,True,1.0,1768,0,1.540636,0,2026-08-14T17:29:49+00:00
BT+MRV+MAC / Sudoku Hard,2,True,1.0,1768,0,1.397259,0,2026-08-14T17:29:50+00:00
BT+MRV+MAC / Sudoku Hard,3,True,1.0,1768,0,1.619393,0,2026-08-14T17:29:52+00:00
BT+MRV+MAC / Sudoku Hard,4,True,1.0,1768,0,1.544502,0,2026-08-14T17:29:53+00:00
BT+MRV+MAC / Sudoku Hard,5,True,1.0,1768,0,1.621146,0,2026-08-14T17:29:55+00:00
BT+MRV+MAC / Sudoku Hard,6,True,1.0,1768,0,1.315768,0,2026-08-14T17:29:56+00:00
BT+MRV+MAC / Sudoku Hard,7,True,1.0,1768,0,1.442791,0,2026-08-14T17:29:58+00:00
BT+MRV+MAC / Sudoku Hard,8,True,1.0,1768,0,1.322942,0,2026-08-14T17:29:59+00:00
BT+MRV+MAC / Sudoku Hard,9,True,1.0,1768,0,1.347122,0,2026-08-14T17:30:00+00:00
BT+MRV+MAC / Sudoku Hard,10,True,1.0,1768,0,1.394705,0,2026-08-14T17:30:02+00:00
BT (Naive) / Map Coloring,1,True,1.0,11,0,0.002929,0,2026-08-14T18:27:53+00:00
BT (Naive) / Map Coloring,2,True,1.0,11,0,0.000508,0,2026-08-14T18:27:53+00:00
BT (Naive) / Map Coloring,3,True,1.0,11,0,0.000696,0,2026-08-14T18:27:53+00:00
BT (Naive) / Map Coloring,4,True,1.0,11,0,0.00069,0,2026-08-14T18:27:53+00:00
BT (Naive) / Map Coloring,5,True,1.0,11,0,0.000724,0,2026-08-14T18:27:53+00:00
BT (Naive) / Map Coloring,6,True,1.0,11,0,0.000727,0,2026-08-14T18:27:53+00:00
BT (Naive) / Map Coloring,7,True,1.0,11,0,0.000683,0,2026-08-14T18:27:53+00:00
BT (Naive) / Map Coloring,8,True,1.0,11,0,0.000682,0,2026-08-14T18:27:53+00:00
BT (Naive) / Map Coloring,9,True,1.0,11,0,0.000583,0,2026-08-14T18:27:53+00:00
BT (Naive) / Map Coloring,10,True,1.0,11,0,0.000517,0,2026-08-14T18:27:53+00:00
BT (Naive) / Map Coloring,11,True,1.0,11,0,0.000605,0,2026-08-14T18:27:53+00:00
BT (Naive) / Map Coloring,12,True,1.0,11,0,0.000633,0,2026-08-14T18:27:53+00:00
BT (Naive) / Map Coloring,13,True,1.0,11,0,0.000574,0,2026-08-14T18:27:53+00:00
BT (Naive) / Map Coloring,14,True,1.0,11,0,0.000542,0,2026-08-14T18:27:53+00:00
BT (Naive) / Map Coloring,15,True,1.0,11,0,0.000539,0,2026-08-14T18:27:53+00:00
BT (Naive) / Map Coloring,16,True,1.0,11,0,0.000643,0,2026-08-14T18:27:53+00:00
BT (Naive) / Map Coloring,17,True,1.0,11,0,0.000523,0,2026-08-14T18:27:53+00:00
BT (Naive) / Map Coloring,18,True,1.0,11,0,0.000517,0,2026-08-14T18:27:53+00:00
BT (Naive) / Map Coloring,19,True,1.0,11,0,0.000594,0,2026-08-14T18:27:53+00:00
BT (Naive) / Map Coloring,20,True,1.0,11,0,0.000591,0,2026-08-14T18:27:53+00:00
BT (Naive) / Map Coloring,21,True,1.0,11,0,0.000735,0,2026-08-14T18:27:53+00:00
BT (Naive) / Map Coloring,22,True,1.0,11,0,0.000594,0,2026-08-14T18:27:53+00:00
BT (Naive) / Map Coloring,23,True,1.0,11,0,0.000569,0,2026-08-14T18:27:53+00:00
BT (Naive) / Map Coloring,24,True,1.0,11,0,0.000626,0,2026-08-14T18:27:53+00:00
BT (Naive) / Map Coloring,25,True,1.0,11,0,0.000735,0,2026-08-14T18:27:53+00:00
BT (Naive) / Map Coloring,26,True,1.0,11,0,0.000843,0,2026-08-14T18:27:53+00:00
BT (Naive) / Map Coloring,27,True,1.0,11,0,0.000614,0,2026-08-14T18:27:53+00:00
BT (Naive) / Map Coloring,28,True,1.0,11,0,0.000605,0,2026-08-14T18:27:53+00:00
BT (Naive) / Map Coloring,29,True,1.0,11,0,0.000621,0,2026-08-14T18:27:53+00:00
BT (Naive) / Map Coloring,30,True,1.0,11,0,0.000515,0,2026-08-14T18:27:53+00:00
BT+MRV / Map Coloring,1,True,1.0,11,0,0.000566,0,2026-08-14T18:27:53+00:00
BT+MRV / Map Coloring,2,True,1.0,11,0,0.000653,0,2026-08-14T18:27:53+00:00
BT+MRV / Map Coloring,3,True,1.0,11,0,0.000941,0,2026-08-14T18:27:53+00:00
BT+MRV / Map Coloring,4,True,1.0,11,0,0.000693,0,2026-08-14T18:27:53+00:00
BT+MRV / Map Coloring,5,True,1.0,11,0,0.000937,0,2026-08-14T18:27:53+00:00
BT+MRV / Map Coloring,6,True,1.0,11,0,0.000621,0,2026-08-14T18:27:53+00:00
BT+MRV / Map Coloring,7,True,1.0,11,0,0.000645,0,2026-08-14T18:27:53+00:00
BT+MRV / Map Coloring,8,True,1.0,11,0,0.000711,0,2026-08-14T18:27:53+00:00
BT+MRV / Map Coloring,9,True,1.0,11,0,0.000534,0,2026-08-14T18:27:53+00:00
BT+MRV / Map Coloring,10,True,1.0,11,0,0.0006,0,2026-08-14T18:27:53+00:00
BT+MRV / Map Coloring,11,True,1.0,11,0,0.000617,0,2026-08-14T18:27:53+00:00
BT+MRV / Map Coloring,12,True,1.0,11,0,0.00059,0,2026-08-14T18:27:53+00:00
BT+MRV / Map Coloring,13,True,1.0,11,0,0.000592,0,2026-08-14T18:27:53+00:00
BT+MRV / Map Coloring,14,True,1.0,11,0,0.000577,0,2026-08-14T18:27:53+00:00
BT+MRV / Map Coloring,15,True,1.0,11,0,0.00064,0,2026-08-14T18:27:53+00:00
BT+MRV / Map Coloring,16,True,1.0,11,0,0.000596,0,2026-08-14T18:27:53+00:00
BT+MRV / Map Coloring,17,True,1.0,11,0,0.000509,0,2026-08-14T18:27:53+00:00
BT+MRV / Map Coloring,18,True,1.0,11,0,0.000506,0,2026-08-14T18:27:53+00:00
BT+MRV / Map Coloring,19,True,1.0,11,0,0.000568,0,2026-08-14T18:27:53+00:00
BT+MRV / Map Coloring,20,True,1.0,11,0,0.000562,0,2026-08-14T18:27:53+00:00
BT+MRV / Map Coloring,21,True,1.0,11,0,0.000693,0,2026-08-14T18:27:53+00:00
BT+MRV / Map Coloring,22,True,1.0,11,0,0.000577,0,2026-08-14T18:27:53+00:00
BT+MRV / Map Coloring,23,True,1.0,11,0,0.000544,0,2026-08-14T18:27:53+00:00
BT+MRV / Map Coloring,24,True,1.0,11,0,0.00061,0,2026-08-14T18:27:53+00:00
BT+MRV / Map Coloring,25,True,1.0,11,0,0.000723,0,2026-08-14T18:27:53+00:00
BT+MRV / Map Coloring,26,True,1.0,11,0,0.000669,0,2026-08-14T18:27:53+00:00
BT+MRV / Map Coloring,27,True,1.0,11,0,0.000724,0,2026-08-14T18:27:53+00:00
BT+MRV / Map Coloring,28,True,1.0,11,0,0.000607,0,2026-08-14T18:27:53+00:00
BT+MRV / Map Coloring,29,True,1.0,11,0,0.00076,0,2026-08-14T18:27:53+00:00
BT+MRV / Map Coloring,30,True,1.0,11,0,0.000727,0,2026-08-14T18:27:53+00:00
BT+FC / Map Coloring,1,True,1.0,7,0,0.000653,0,2026-08-14T18:27:53+00:00
BT+FC / Map Coloring,2,True,1.0,7,0,0.000755,0,2026-08-14T18:27:53+00:00
BT+FC / Map Coloring,3,True,1.0,7,0,0.000508,0,2026-08-14T18:27:53+00:00
BT+FC / Map Coloring,4,True,1.0,7,0,0.000685,0,2026-08-14T18:27:53+00:00
BT+FC / Map Coloring,5,True,1.0,7,0,0.000694,0,2026-08-14T18:27:53+00:00
BT+FC / Map Coloring,6,True,1.0,7,0,0.000521,0,2026-08-14T18:27:53+00:00
BT+FC / Map Coloring,7,True,1.0,7,0,0.000566,0,2026-08-14T18:27:53+00:00
BT+FC / Map Coloring,8,True,1.0,7,0,0.000578,0,2026-08-14T18:27:53+00:00
BT+FC / Map Coloring,9,True,1.0,7,0,0.000512,0,2026-08-14T18:27:53+00:00
BT+FC / Map Coloring,10,True,1.0,7,0,0.001053,0,2026-08-14T18:27:53+00:00
BT+FC / Map Coloring,11,True,1.0,7,0,0.000987,0,2026-08-14T18:27:53+00:00
BT+FC / Map Coloring,12,True,1.0,7,0,0.00091,0,2026-08-14T18:27:53+00:00
BT+FC / Map Coloring,13,True,1.0,7,0,0.00104,0,2026-08-14T18:27:53+00:00
BT+FC / Map Coloring,14,True,1.0,7,0,0.001011,0,2026-08-14T18:27:53+00:00
BT+FC / Map Coloring,15,True,1.0,7,0,0.000993,0,2026-08-14T18:27:53+00:00
BT+FC / Map Coloring,16,True,1.0,7,0,0.000697,0,2026-08-14T18:27:53+00:00
BT+FC / Map Coloring,17,True,1.0,7,0,0.000706,0,2026-08-14T18:27:53+00:00
BT+FC / Map Coloring,18,True,1.0,7,0,0.000572,0,2026-08-14T18:27:53+00:00
BT+FC / Map Coloring,19,True,1.0,7,0,0.000751,0,2026-08-14T18:27:53+00:00
BT+FC / Map Coloring,20,True,1.0,7,0,0.000736,0,2026-08-14T18:27:53+00:00
BT+FC / Map Coloring,21,True,1.0,7,0,0.000524,0,2026-08-14T18:27:53+00:00
BT+FC / Map Coloring,22,True,1.0,7,0,0.001039,0,2026-08-14T18:27:53+00:00
BT+FC / Map Coloring,23,True,1.0,7,0,0.00074,0,2026-08-14T18:27:53+00:00
BT+FC / Map Coloring,24,True,1.0,7,0,0.000727,0,2026-08-14T18:27:53+00:00
BT+FC / Map Coloring,25,True,1.0,7,0,0.00071,0,2026-08-14T18:27:53+00:00
BT+FC / Map Coloring,26,True,1.0,7,0,0.000615,0,2026-08-14T18:27:53+00:00
BT+FC / Map Coloring,27,True,1.0,7,0,0.000643,0,2026-08-14T18:27:53+00:00
BT+FC / Map Coloring,28,True,1.0,7,0,0.000585,0,2026-08-14T18:27:53+00:00
BT+FC / Map Coloring,29,True,1.0,7,0,0.000615,0,2026-08-14T18:27:53+00:00
BT+FC / Map Coloring,30,True,1.0,7,0,0.000754,0,2026-08-14T18:27:53+00:00
BT+MAC / Map Coloring,1,True,1.0,7,0,0.000954,0,2026-08-14T18:27:53+00:00
BT+MAC / Map Coloring,2,True,1.0,7,0,0.000821,0,2026-08-14T18:27:53+00:00
BT+MAC / Map Coloring,3,True,1.0,7,0,0.000898,0,2026-08-14T18:27:53+00:00
BT+MAC / Map Coloring,4,True,1.0,7,0,0.000745,0,2026-08-14T18:27:53+00:00
BT+MAC / Map Coloring,5,True,1.0,7,0,0.000811,0,2026-08-14T18:27:53+00:00
BT+MAC / Map Coloring,6,True,1.0,7,0,0.000743,0,2026-08-14T18:27:53+00:00
BT+MAC / Map Coloring,7,True,1.0,7,0,0.001035,0,2026-08-14T18:27:53+00:00
BT+MAC / Map Coloring,8,True,1.0,7,0,0.000612,0,2026-08-14T18:27:53+00:00
BT+MAC / Map Coloring,9,True,1.0,7,0,0.000687,0,2026-08-14T18:27:53+00:00
BT+MAC / Map Coloring,10,True,1.0,7,0,0.000957,0,2026-08-14T18:27:53+00:00
BT+MAC / Map Coloring,11,True,1.0,7,0,0.001019,0,2026-08-14T18:27:53+00:00
BT+MAC / Map Coloring,12,True,1.0,7,0,0.000955,0,2026-08-14T18:27:53+00:00
BT+MAC / Map Coloring,13,True,1.0,7,0,0.000682,0,2026-08-14T18:27:53+00:00
BT+MAC / Map Coloring,14,True,1.0,7,0,0.001039,0,2026-08-14T18:27:53+00:00
BT+MAC / Map Coloring,15,True,1.0,7,0,0.000671,0,2026-08-14T18:27:53+00:00
BT+MAC / Map Coloring,16,True,1.0,7,0,0.000696,0,2026-08-14T18:27:53+00:00
BT+MAC / Map Coloring,17,True,1.0,7,0,0.000994,0,2026-08-14T18:27:53+00:00
BT+MAC / Map Coloring,18,True,1.0,7,0,0.000684,0,2026-08-14T18:27:53+00:00
BT+MAC / Map Coloring,19,True,1.0,7,0,0.000857,0,2026-08-14T18:27:53+00:00
BT+MAC / Map Coloring,20,True,1.0,7,0,0.000859,0,2026-08-14T18:27:53+00:00
BT+MAC / Map Coloring,21,True,1.0,7,0,0.000968,0,2026-08-14T18:27:53+00:00
BT+MAC / Map Coloring,22,True,1.0,7,0,0.000951,0,2026-08-14T18:27:53+00:00
BT+MAC / Map Coloring,23,True,1.0,7,0,0.000811,0,2026-08-14T18:27:53+00:00
BT+MAC / Map Coloring,24,True,1.0,7,0,0.000697,0,2026-08-14T18:27:53+00:00
BT+MAC / Map Coloring,25,True,1.0,7,0,0.000624,0,2026-08-14T18:27:53+00:00
BT+MAC / Map Coloring,26,True,1.0,7,0,0.00077,0,2026-08-14T18:27:53+00:00
BT+MAC / Map Coloring,27,True,1.0,7,0,0.000843,0,2026-08-14T18:27:53+00:00
BT+MAC / Map Coloring,28,True,1.0,7,0,0.000911,0,2026-08-14T18:27:53+00:00
BT+MAC / Map Coloring,29,True,1.0,7,0,0.000664,0,2026-08-14T18:27:53+00:00
BT+MAC / Map Coloring,30,True,1.0,7,0,0.000801,0,2026-08-14T18:27:53+00:00
BT+MRV+FC / Map Coloring,1,True,1.0,7,0,0.000708,0,2026-08-14T18:27:53+00:00
BT+MRV+FC / Map Coloring,2,True,1.0,7,0,0.000761,0,2026-08-14T18:27:53+00:00
BT+MRV+FC / Map Coloring,3,True,1.0,7,0,0.000614,0,2026-08-14T18:27:53+00:00
BT+MRV+FC / Map Coloring,4,True,1.0,7,0,0.000795,0,2026-08-14T18:27:53+00:00
BT+MRV+FC / Map Coloring,5,True,1.0,7,0,0.000861,0,2026-08-14T18:27:53+00:00
BT+MRV+FC / Map Coloring,6,True,1.0,7,0,0.00104,0,2026-08-14T18:27:53+00:00
BT+MRV+FC / Map Coloring,7,True,1.0,7,0,0.001055,0,2026-08-14T18:27:53+00:00
BT+MRV+FC / Map Coloring,8,True,1.0,7,0,0.00067,0,2026-08-14T18:27:53+00:00
BT+MRV+FC / Map Coloring,9,True,1.0,7,0,0.000714,0,2026-08-14T18:27:53+00:00
BT+MRV+FC / Map Coloring,10,True,1.0,7,0,0.000635,0,2026-08-14T18:27:53+00:00
BT+MRV+FC / Map Coloring,11,True,1.0,7,0,0.000658,0,2026-08-14T18:27:53+00:00
BT+MRV+FC / Map Coloring,12,True,1.0,7,0,0.000586,0,2026-08-14T18:27:53+00:00
BT+MRV+FC / Map Coloring,13,True,1.0,7,0,0.000735,0,2026-08-14T18:27:53+00:00
BT+MRV+FC / Map Coloring,14,True,1.0,7,0,0.001068,0,2026-08-14T18:27:53+00:00
BT+MRV+FC / Map Coloring,15,True,1.0,7,0,0.000877,0,2026-08-14T18:27:53+00:00
BT+MRV+FC / Map Coloring,16,True,1.0,7,0,0.000589,0,2026-08-14T18:27:53+00:00
BT+MRV+FC / Map Coloring,17,True,1.0,7,0,0.000615,0,2026-08-14T18:27:53+00:00
BT+MRV+FC / Map Coloring,18,True,1.0,7,0,0.000537,0,2026-08-14T18:27:53+00:00
BT+MRV+FC / Map Coloring,19,True,1.0,7,0,0.00063,0,2026-08-14T18:27:53+00:00
BT+MRV+FC / Map Coloring,20,True,1.0,7,0,0.000579,0,2026-08-14T18:27:53+00:00
BT+MRV+FC / Map Coloring,21,True,1.0,7,0,0.000581,0,2026-08-14T18:27:53+00:00
BT+MRV+FC / Map Coloring,22,True,1.0,7,0,0.000811,0,2026-08-14T18:27:53+00:00
BT+MRV+FC / Map Coloring,23,True,1.0,7,0,0.000763,0,2026-08-14T18:27:53+00:00
BT+MRV+FC / Map Coloring,24,True,1.0,7,0,0.000707,0,2026-08-14T18:27:53+00:00
BT+MRV+FC / Map Coloring,25,True,1.0,7,0,0.000605,0,2026-08-14T18:27:53+00:00
BT+MRV+FC / Map Coloring,26,True,1.0,7,0,0.000571,0,2026-08-14T18:27:53+00:00
BT+MRV+FC / Map Coloring,27,True,1.0,7,0,0.000611,0,2026-08-14T18:27:53+00:00
BT+MRV+FC / Map Coloring,28,True,1.0,7,0,0.000855,0,2026-08-14T18:27:53+00:00
BT+MRV+FC / Map Coloring,29,True,1.0,7,0,0.000811,0,2026-08-14T18:27:53+00:00
BT+MRV+FC / Map Coloring,30,True,1.0,7,0,0.000669,0,2026-08-14T18:27:53+00:00
BT+MRV+MAC / Map Coloring,1,True,1.0,7,0,0.000841,0,2026-08-14T18:27:53+00:00
BT+MRV+MAC / Map Coloring,2,True,1.0,7,0,0.000877,0,2026-08-14T18:27:53+00:00
BT+MRV+MAC / Map Coloring,3,True,1.0,7,0,0.000653,0,2026-08-14T18:27:53+00:00
BT+MRV+MAC / Map Coloring,4,True,1.0,7,0,0.000834,0,2026-08-14T18:27:53+00:00
BT+MRV+MAC / Map Coloring,5,True,1.0,7,0,0.000704,0,2026-08-14T18:27:53+00:00
BT+MRV+MAC / Map Coloring,6,True,1.0,7,0,0.000707,0,2026-08-14T18:27:53+00:00
BT+MRV+MAC / Map Coloring,7,True,1.0,7,0,0.000758,0,2026-08-14T18:27:53+00:00
BT+MRV+MAC / Map Coloring,8,True,1.0,7,0,0.00102,0,2026-08-14T18:27:53+00:00
BT+MRV+MAC / Map Coloring,9,True,1.0,7,0,0.001158,0,2026-08-14T18:27:53+00:00
BT+MRV+MAC / Map Coloring,10,True,1.0,7,0,0.000772,0,2026-08-14T18:27:53+00:00
BT+MRV+MAC / Map Coloring,11,True,1.0,7,0,0.000642,0,2026-08-14T18:27:53+00:00
BT+MRV+MAC / Map Coloring,12,True,1.0,7,0,0.000753,0,2026-08-14T18:27:53+00:00
BT+MRV+MAC / Map Coloring,13,True,1.0,7,0,0.000807,0,2026-08-14T18:27:53+00:00
BT+MRV+MAC / Map Coloring,14,True,1.0,7,0,0.000774,0,2026-08-14T18:27:53+00:00
BT+MRV+MAC / Map Coloring,15,True,1.0,7,0,0.000937,0,2026-08-14T18:27:53+00:00
BT+MRV+MAC / Map Coloring,16,True,1.0,7,0,0.000673,0,2026-08-14T18:27:53+00:00
BT+MRV+MAC / Map Coloring,17,True,1.0,7,0,0.000908,0,2026-08-14T18:27:53+00:00
BT+MRV+MAC / Map Coloring,18,True,1.0,7,0,0.000913,0,2026-08-14T18:27:53+00:00
BT+MRV+MAC / Map Coloring,19,True,1.0,7,0,0.000718,0,2026-08-14T18:27:53+00:00
BT+MRV+MAC / Map Coloring,20,True,1.0,7,0,0.000754,0,2026-08-14T18:27:53+00:00
BT+MRV+MAC / Map Coloring,21,True,1.0,7,0,0.000761,0,2026-08-14T18:27:53+00:00
BT+MRV+MAC / Map Coloring,22,True,1.0,7,0,0.006478,0,2026-08-14T18:27:53+00:00
BT+MRV+MAC / Map Coloring,23,True,1.0,7,0,0.000815,0,2026-08-14T18:27:53+00:00
BT+MRV+MAC / Map Coloring,24,True,1.0,7,0,0.000695,0,2026-08-14T18:27:53+00:00
BT+MRV+MAC / Map Coloring,25,True,1.0,7,0,0.000687,0,2026-08-14T18:27:53+00:00
BT+MRV+MAC / Map Coloring,26,True,1.0,7,0,0.00089,0,2026-08-14T18:27:53+00:00
BT+MRV+MAC / Map Coloring,27,True,1.0,7,0,0.000723,0,2026-08-14T18:27:53+00:00
BT+MRV+MAC / Map Coloring,28,True,1.0,7,0,0.000906,0,2026-08-14T18:27:53+00:00
BT+MRV+MAC / Map Coloring,29,True,1.0,7,0,0.000759,0,2026-08-14T18:27:53+00:00
BT+MRV+MAC / Map Coloring,30,True,1.0,7,0,0.000837,0,2026-08-14T18:27:53+00:00
BT+Degree / Map Coloring,1,True,1.0,15,0,0.000593,0,2026-08-14T18:27:53+00:00
BT+Degree / Map Coloring,2,True,1.0,15,0,0.000571,0,2026-08-14T18:27:53+00:00
BT+Degree / Map Coloring,3,True,1.0,15,0,0.000862,0,2026-08-14T18:27:53+00:00
BT+Degree / Map Coloring,4,True,1.0,15,0,0.000642,0,2026-08-14T18:27:53+00:00
BT+Degree / Map Coloring,5,True,1.0,15,0,0.000706,0,2026-08-14T18:27:53+00:00
BT+Degree / Map Coloring,6,True,1.0,15,0,0.001283,0,2026-08-14T18:27:53+00:00
BT+Degree / Map Coloring,7,True,1.0,15,0,0.000727,0,2026-08-14T18:27:53+00:00
BT+Degree / Map Coloring,8,True,1.0,15,0,0.000785,0,2026-08-14T18:27:53+00:00
BT+Degree / Map Coloring,9,True,1.0,15,0,0.000758,0,2026-08-14T18:27:53+00:00
BT+Degree / Map Coloring,10,True,1.0,15,0,0.000754,0,2026-08-14T18:27:53+00:00
BT+Degree / Map Coloring,11,True,1.0,15,0,0.000763,0,2026-08-14T18:27:53+00:00
BT+Degree / Map Coloring,12,True,1.0,15,0,0.000945,0,2026-08-14T18:27:53+00:00
BT+Degree / Map Coloring,13,True,1.0,15,0,0.001119,0,2026-08-14T18:27:53+00:00
BT+Degree / Map Coloring,14,True,1.0,15,0,0.001069,0,2026-08-14T18:27:53+00:00
BT+Degree / Map Coloring,15,True,1.0,15,0,0.00086,0,2026-08-14T18:27:53+00:00
BT+Degree / Map Coloring,16,True,1.0,15,0,0.000876,0,2026-08-14T18:27:53+00:00
BT+Degree / Map Coloring,17,True,1.0,15,0,0.000823,0,2026-08-14T18:27:53+00:00
BT+Degree / Map Coloring,18,True,1.0,15,0,0.000727,0,2026-08-14T18:27:53+00:00
BT+Degree / Map Coloring,19,True,1.0,15,0,0.001446,0,2026-08-14T18:27:53+00:00
BT+Degree / Map Coloring,20,True,1.0,15,0,0.001078,0,2026-08-14T18:27:53+00:00
BT+Degree / Map Coloring,21,True,1.0,15,0,0.001091,0,2026-08-14T18:27:53+00:00
BT+Degree / Map Coloring,22,True,1.0,15,0,0.00076,0,2026-08-14T18:27:53+00:00
BT+Degree / Map Coloring,23,True,1.0,15,0,0.000838,0,2026-08-14T18:27:53+00:00
BT+Degree / Map Coloring,24,True,1.0,15,0,0.00073,0,2026-08-14T18:27:53+00:00
BT+Degree / Map Coloring,25,True,1.0,15,0,0.00075,0,2026-08-14T18:27:53+00:00
BT+Degree / Map Coloring,26,True,1.0,15,0,0.000929,0,2026-08-14T18:27:53+00:00
BT+Degree / Map Coloring,27,True,1.0,15,0,0.000845,0,2026-08-14T18:27:53+00:00
BT+Degree / Map Coloring,28,True,1.0,15,0,0.000962,0,2026-08-14T18:27:53+00:00
BT+Degree / Map Coloring,29,True,1.0,15,0,0.000779,0,2026-08-14T18:27:53+00:00
BT+Degree / Map Coloring,30,True,1.0,15,0,0.001105,0,2026-08-14T18:27:53+00:00
BT+LCV / Map Coloring,1,True,1.0,11,0,0.001025,0,2026-08-14T18:27:53+00:00
BT+LCV / Map Coloring,2,True,1.0,11,0,0.001115,0,2026-08-14T18:27:53+00:00
BT+LCV / Map Coloring,3,True,1.0,11,0,0.000855,0,2026-08-14T18:27:53+00:00
BT+LCV / Map Coloring,4,True,1.0,11,0,0.001023,0,2026-08-14T18:27:53+00:00
BT+LCV / Map Coloring,5,True,1.0,11,0,0.00161,0,2026-08-14T18:27:53+00:00
BT+LCV / Map Coloring,6,True,1.0,11,0,0.001259,0,2026-08-14T18:27:53+00:00
BT+LCV / Map Coloring,7,True,1.0,11,0,0.000884,0,2026-08-14T18:27:53+00:00
BT+LCV / Map Coloring,8,True,1.0,11,0,0.000978,0,2026-08-14T18:27:53+00:00
BT+LCV / Map Coloring,9,True,1.0,11,0,0.000975,0,2026-08-14T18:27:53+00:00
BT+LCV / Map Coloring,10,True,1.0,11,0,0.000954,0,2026-08-14T18:27:53+00:00
BT+LCV / Map Coloring,11,True,1.0,11,0,0.001344,0,2026-08-14T18:27:53+00:00
BT+LCV / Map Coloring,12,True,1.0,11,0,0.000948,0,2026-08-14T18:27:53+00:00
BT+LCV / Map Coloring,13,True,1.0,11,0,0.000718,0,2026-08-14T18:27:53+00:00
BT+LCV / Map Coloring,14,True,1.0,11,0,0.000973,0,2026-08-14T18:27:53+00:00
BT+LCV / Map Coloring,15,True,1.0,11,0,0.000879,0,2026-08-14T18:27:53+00:00
BT+LCV / Map Coloring,16,True,1.0,11,0,0.001057,0,2026-08-14T18:27:53+00:00
BT+LCV / Map Coloring,17,True,1.0,11,0,0.00135,0,2026-08-14T18:27:53+00:00
BT+LCV / Map Coloring,18,True,1.0,11,0,0.000897,0,2026-08-14T18:27:53+00:00
BT+LCV / Map Coloring,19,True,1.0,11,0,0.001019,0,2026-08-14T18:27:53+00:00
BT+LCV / Map Coloring,20,True,1.0,11,0,0.000773,0,2026-08-14T18:27:53+00:00
BT+LCV / Map Coloring,21,True,1.0,11,0,0.000967,0,2026-08-14T18:27:53+00:00
BT+LCV / Map Coloring,22,True,1.0,11,0,0.000958,0,2026-08-14T18:27:53+00:00
BT+LCV / Map Coloring,23,True,1.0,11,0,0.000827,0,2026-08-14T18:27:53+00:00
BT+LCV / Map Coloring,24,True,1.0,11,0,0.001209,0,2026-08-14T18:27:53+00:00
BT+LCV / Map Coloring,25,True,1.0,11,0,0.000895,0,2026-08-14T18:27:53+00:00
BT+LCV / Map Coloring,26,True,1.0,11,0,0.000784,0,2026-08-14T18:27:53+00:00
BT+LCV / Map Coloring,27,True,1.0,11,0,0.000848,0,2026-08-14T18:27:53+00:00
BT+LCV / Map Coloring,28,True,1.0,11,0,0.001006,0,2026-08-14T18:27:53+00:00
BT+LCV / Map Coloring,29,True,1.0,11,0,0.000838,0,2026-08-14T18:27:53+00:00
BT+LCV / Map Coloring,30,True,1.0,11,0,0.000846,0,2026-08-14T18:27:53+00:00
Backjumping / Map Coloring,1,True,1.0,11,0,0.001425,0,2026-08-14T18:27:53+00:00
Backjumping / Map Coloring,2,True,1.0,11,0,0.000709,0,2026-08-14T18:27:53+00:00
Backjumping / Map Coloring,3,True,1.0,11,0,0.000701,0,2026-08-14T18:27:53+00:00
Backjumping / Map Coloring,4,True,1.0,11,0,0.000833,0,2026-08-14T18:27:53+00:00
Backjumping / Map Coloring,5,True,1.0,11,0,0.000695,0,2026-08-14T18:27:53+00:00
Backjumping / Map Coloring,6,True,1.0,11,0,0.000704,0,2026-08-14T18:27:53+00:00
Backjumping / Map Coloring,7,True,1.0,11,0,0.000697,0,2026-08-14T18:27:53+00:00
Backjumping / Map Coloring,8,True,1.0,11,0,0.001151,0,2026-08-14T18:27:53+00:00
Backjumping / Map Coloring,9,True,1.0,11,0,0.000875,0,2026-08-14T18:27:53+00:00
Backjumping / Map Coloring,10,True,1.0,11,0,0.000968,0,2026-08-14T18:27:53+00:00
Backjumping / Map Coloring,11,True,1.0,11,0,0.000723,0,2026-08-14T18:27:53+00:00
Backjumping / Map Coloring,12,True,1.0,11,0,0.000874,0,2026-08-14T18:27:53+00:00
Backjumping / Map Coloring,13,True,1.0,11,0,0.000849,0,2026-08-14T18:27:53+00:00
Backjumping / Map Coloring,14,True,1.0,11,0,0.00073,0,2026-08-14T18:27:53+00:00
Backjumping / Map Coloring,15,True,1.0,11,0,0.000882,0,2026-08-14T18:27:53+00:00
Backjumping / Map Coloring,16,True,1.0,11,0,0.000963,0,2026-08-14T18:27:53+00:00
Backjumping / Map Coloring,17,True,1.0,11,0,0.000715,0,2026-08-14T18:27:53+00:00
Backjumping / Map Coloring,18,True,1.0,11,0,0.000881,0,2026-08-14T18:27:53+00:00
Backjumping / Map Coloring,19,True,1.0,11,0,0.00091,0,2026-08-14T18:27:53+00:00
Backjumping / Map Coloring,20,True,1.0,11,0,0.000766,0,2026-08-14T18:27:53+00:00
Backjumping / Map Coloring,21,True,1.0,11,0,0.000715,0,2026-08-14T18:27:53+00:00
Backjumping / Map Coloring,22,True,1.0,11,0,0.000713,0,2026-08-14T18:27:53+00:00
Backjumping / Map Coloring,23,True,1.0,11,0,0.00126,0,2026-08-14T18:27:53+00:00
Backjumping / Map Coloring,24,True,1.0,11,0,0.000702,0,2026-08-14T18:27:53+00:00
Backjumping / Map Coloring,25,True,1.0,11,0,0.00081,0,2026-08-14T18:27:53+00:00
Backjumping / Map Coloring,26,True,1.0,11,0,0.000652,0,2026-08-14T18:27:53+00:00
Backjumping / Map Coloring,27,True,1.0,11,0,0.000641,0,2026-08-14T18:27:53+00:00
Backjumping / Map Coloring,28,True,1.0,11,0,0.000723,0,2026-08-14T18:27:53+00:00
Backjumping / Map Coloring,29,True,1.0,11,0,0.000864,0,2026-08-14T18:27:53+00:00
Backjumping / Map Coloring,30,True,1.0,11,0,0.0009,0,2026-08-14T18:27:53+00:00
CBJ / Map Coloring,1,True,1.0,11,0,0.00074,0,2026-08-14T18:27:53+00:00
CBJ / Map Coloring,2,True,1.0,11,0,0.001243,0,2026-08-14T18:27:53+00:00
CBJ / Map Coloring,3,True,1.0,11,0,0.000647,0,2026-08-14T18:27:53+00:00
CBJ / Map Coloring,4,True,1.0,11,0,0.000661,0,2026-08-14T18:27:53+00:00
CBJ / Map Coloring,5,True,1.0,11,0,0.000694,0,2026-08-14T18:27:53+00:00
CBJ / Map Coloring,6,True,1.0,11,0,0.000792,0,2026-08-14T18:27:53+00:00
CBJ / Map Coloring,7,True,1.0,11,0,0.000772,0,2026-08-14T18:27:53+00:00
CBJ / Map Coloring,8,True,1.0,11,0,0.000883,0,2026-08-14T18:27:53+00:00
CBJ / Map Coloring,9,True,1.0,11,0,0.000769,0,2026-08-14T18:27:53+00:00
CBJ / Map Coloring,10,True,1.0,11,0,0.000571,0,2026-08-14T18:27:53+00:00
CBJ / Map Coloring,11,True,1.0,11,0,0.000643,0,2026-08-14T18:27:53+00:00
CBJ / Map Coloring,12,True,1.0,11,0,0.00107,0,2026-08-14T18:27:53+00:00
CBJ / Map Coloring,13,True,1.0,11,0,0.000652,0,2026-08-14T18:27:53+00:00
CBJ / Map Coloring,14,True,1.0,11,0,0.000691,0,2026-08-14T18:27:53+00:00
CBJ / Map Coloring,15,True,1.0,11,0,0.001077,0,2026-08-14T18:27:53+00:00
CBJ / Map Coloring,16,True,1.0,11,0,0.000661,0,2026-08-14T18:27:53+00:00
CBJ / Map Coloring,17,True,1.0,11,0,0.00063,0,2026-08-14T18:27:53+00:00
CBJ / Map Coloring,18,True,1.0,11,0,0.000845,0,2026-08-14T18:27:53+00:00
CBJ / Map Coloring,19,True,1.0,11,0,0.000715,0,2026-08-14T18:27:53+00:00
CBJ / Map Coloring,20,True,1.0,11,0,0.0007,0,2026-08-14T18:27:53+00:00
CBJ / Map Coloring,21,True,1.0,11,0,0.000814,0,2026-08-14T18:27:53+00:00
CBJ / Map Coloring,22,True,1.0,11,0,0.000956,0,2026-08-14T18:27:53+00:00
CBJ / Map Coloring,23,True,1.0,11,0,0.000695,0,2026-08-14T18:27:53+00:00
CBJ / Map Coloring,24,True,1.0,11,0,0.00069,0,2026-08-14T18:27:53+00:00
CBJ / Map Coloring,25,True,1.0,11,0,0.000848,0,2026-08-14T18:27:53+00:00
CBJ / Map Coloring,26,True,1.0,11,0,0.000646,0,2026-08-14T18:27:53+00:00
CBJ / Map Coloring,27,True,1.0,11,0,0.000663,0,2026-08-14T18:27:53+00:00
CBJ / Map Coloring,28,True,1.0,11,0,0.000634,0,2026-08-14T18:27:53+00:00
CBJ / Map Coloring,29,True,1.0,11,0,0.00088,0,2026-08-14T18:27:53+00:00
CBJ / Map Coloring,30,True,1.0,11,0,0.001068,0,2026-08-14T18:27:53+00:00
Symmetric BT / Map Coloring,1,True,1.0,11,0,0.001139,0,2026-08-14T18:27:53+00:00
Symmetric BT / Map Coloring,2,True,1.0,11,0,0.0007,0,2026-08-14T18:27:53+00:00
Symmetric BT / Map Coloring,3,True,1.0,11,0,0.000847,0,2026-08-14T18:27:53+00:00
Symmetric BT / Map Coloring,4,True,1.0,11,0,0.000629,0,2026-08-14T18:27:53+00:00
Symmetric BT / Map Coloring,5,True,1.0,11,0,0.000729,0,2026-08-14T18:27:53+00:00
Symmetric BT / Map Coloring,6,True,1.0,11,0,0.000676,0,2026-08-14T18:27:53+00:00
Symmetric BT / Map Coloring,7,True,1.0,11,0,0.00083,0,2026-08-14T18:27:53+00:00
Symmetric BT / Map Coloring,8,True,1.0,11,0,0.001018,0,2026-08-14T18:27:53+00:00
Symmetric BT / Map Coloring,9,True,1.0,11,0,0.000844,0,2026-08-14T18:27:53+00:00
Symmetric BT / Map Coloring,10,True,1.0,11,0,0.000727,0,2026-08-14T18:27:53+00:00
Symmetric BT / Map Coloring,11,True,1.0,11,0,0.000806,0,2026-08-14T18:27:53+00:00
Symmetric BT / Map Coloring,12,True,1.0,11,0,0.000593,0,2026-08-14T18:27:53+00:00
Symmetric BT / Map Coloring,13,True,1.0,11,0,0.000694,0,2026-08-14T18:27:53+00:00
Symmetric BT / Map Coloring,14,True,1.0,11,0,0.000861,0,2026-08-14T18:27:53+00:00
Symmetric BT / Map Coloring,15,True,1.0,11,0,0.001565,0,2026-08-14T18:27:53+00:00
Symmetric BT / Map Coloring,16,True,1.0,11,0,0.001011,0,2026-08-14T18:27:53+00:00
Symmetric BT / Map Coloring,17,True,1.0,11,0,0.001333,0,2026-08-14T18:27:53+00:00
Symmetric BT / Map Coloring,18,True,1.0,11,0,0.0008,0,2026-08-14T18:27:53+00:00
Symmetric BT / Map Coloring,19,True,1.0,11,0,0.000848,0,2026-08-14T18:27:53+00:00
Symmetric BT / Map Coloring,20,True,1.0,11,0,0.000758,0,2026-08-14T18:27:53+00:00
Symmetric BT / Map Coloring,21,True,1.0,11,0,0.000859,0,2026-08-14T18:27:53+00:00
Symmetric BT / Map Coloring,22,True,1.0,11,0,0.000673,0,2026-08-14T18:27:53+00:00
Symmetric BT / Map Coloring,23,True,1.0,11,0,0.000781,0,2026-08-14T18:27:53+00:00
Symmetric BT / Map Coloring,24,True,1.0,11,0,0.000719,0,2026-08-14T18:27:53+00:00
Symmetric BT / Map Coloring,25,True,1.0,11,0,0.001243,0,2026-08-14T18:27:53+00:00
Symmetric BT / Map Coloring,26,True,1.0,11,0,0.00076,0,2026-08-14T18:27:53+00:00
Symmetric BT / Map Coloring,27,True,1.0,11,0,0.000877,0,2026-08-14T18:27:53+00:00
Symmetric BT / Map Coloring,28,True,1.0,11,0,0.000673,0,2026-08-14T18:27:53+00:00
Symmetric BT / Map Coloring,29,True,1.0,11,0,0.000894,0,2026-08-14T18:27:53+00:00
Symmetric BT / Map Coloring,30,True,1.0,11,0,0.000631,0,2026-08-14T18:27:53+00:00
Min-Conflicts / Map Coloring,1,True,1.0,8,0,0.000575,0,2026-08-14T18:27:53+00:00
Min-Conflicts / Map Coloring,2,True,1.0,28,0,0.001761,0,2026-08-14T18:27:53+00:00
Min-Conflicts / Map Coloring,3,True,1.0,8,0,0.000754,0,2026-08-14T18:27:53+00:00
Min-Conflicts / Map Coloring,4,True,1.0,7,0,0.000928,0,2026-08-14T18:27:53+00:00
Min-Conflicts / Map Coloring,5,True,1.0,7,0,0.000505,0,2026-08-14T18:27:53+00:00
Min-Conflicts / Map Coloring,6,True,1.0,25,0,0.000918,0,2026-08-14T18:27:53+00:00
Min-Conflicts / Map Coloring,7,True,1.0,4,0,0.000494,0,2026-08-14T18:27:53+00:00
Min-Conflicts / Map Coloring,8,True,1.0,9,0,0.000701,0,2026-08-14T18:27:53+00:00
Min-Conflicts / Map Coloring,9,True,1.0,27,0,0.001848,0,2026-08-14T18:27:53+00:00
Min-Conflicts / Map Coloring,10,True,1.0,48,0,0.002663,0,2026-08-14T18:27:53+00:00
Min-Conflicts / Map Coloring,11,True,1.0,16,0,0.001226,0,2026-08-14T18:27:53+00:00
Min-Conflicts / Map Coloring,12,True,1.0,4,0,0.000802,0,2026-08-14T18:27:53+00:00
Min-Conflicts / Map Coloring,13,True,1.0,9,0,0.001049,0,2026-08-14T18:27:54+00:00
Min-Conflicts / Map Coloring,14,True,1.0,31,0,0.001225,0,2026-08-14T18:27:54+00:00
Min-Conflicts / Map Coloring,15,True,1.0,15,0,0.000865,0,2026-08-14T18:27:54+00:00
Min-Conflicts / Map Coloring,16,True,1.0,38,0,0.004029,0,2026-08-14T18:27:54+00:00
Min-Conflicts / Map Coloring,17,True,1.0,4,0,0.000732,0,2026-08-14T18:27:54+00:00
Min-Conflicts / Map Coloring,18,True,1.0,8,0,0.000776,0,2026-08-14T18:27:54+00:00
Min-Conflicts / Map Coloring,19,True,1.0,11,0,0.000828,0,2026-08-14T18:27:54+00:00
Min-Conflicts / Map Coloring,20,True,1.0,12,0,0.000717,0,2026-08-14T18:27:54+00:00
Min-Conflicts / Map Coloring,21,True,1.0,8,0,0.000911,0,2026-08-14T18:27:54+00:00
Min-Conflicts / Map Coloring,22,True,1.0,11,0,0.001112,0,2026-08-14T18:27:54+00:00
Min-Conflicts / Map Coloring,23,True,1.0,10,0,0.000655,0,2026-08-14T18:27:54+00:00
Min-Conflicts / Map Coloring,24,True,1.0,3,0,0.000696,0,2026-08-14T18:27:54+00:00
Min-Conflicts / Map Coloring,25,True,1.0,5,0,0.000597,0,2026-08-14T18:27:54+00:00
Min-Conflicts / Map Coloring,26,True,1.0,16,0,0.000958,0,2026-08-14T18:27:54+00:00
Min-Conflicts / Map Coloring,27,True,1.0,7,0,0.000861,0,2026-08-14T18:27:54+00:00
Min-Conflicts / Map Coloring,28,True,1.0,4,0,0.000555,0,2026-08-14T18:27:54+00:00
Min-Conflicts / Map Coloring,29,True,1.0,42,0,0.001584,0,2026-08-14T18:27:54+00:00
Min-Conflicts / Map Coloring,30,True,1.0,5,0,0.000745,0,2026-08-14T18:27:54+00:00
BT (Naive) / 8-Queens,1,True,1.0,876,0,0.009861,0,2026-08-14T18:27:54+00:00
BT (Naive) / 8-Queens,2,True,1.0,876,0,0.015397,0,2026-08-14T18:27:54+00:00
BT (Naive) / 8-Queens,3,True,1.0,876,0,0.018416,0,2026-08-14T18:27:54+00:00
BT (Naive) / 8-Queens,4,True,1.0,876,0,0.017482,0,2026-08-14T18:27:54+00:00
BT (Naive) / 8-Queens,5,True,1.0,876,0,0.013714,0,2026-08-14T18:27:54+00:00
BT (Naive) / 8-Queens,6,True,1.0,876,0,0.010685,0,2026-08-14T18:27:54+00:00
BT (Naive) / 8-Queens,7,True,1.0,876,0,0.010623,0,2026-08-14T18:27:54+00:00
BT (Naive) / 8-Queens,8,True,1.0,876,0,0.008365,0,2026-08-14T18:27:54+00:00
BT (Naive) / 8-Queens,9,True,1.0,876,0,0.008064,0,2026-08-14T18:27:54+00:00
BT (Naive) / 8-Queens,10,True,1.0,876,0,0.007224,0,2026-08-14T18:27:54+00:00
BT (Naive) / 8-Queens,11,True,1.0,876,0,0.009869,0,2026-08-14T18:27:54+00:00
BT (Naive) / 8-Queens,12,True,1.0,876,0,0.009359,0,2026-08-14T18:27:54+00:00
BT (Naive) / 8-Queens,13,True,1.0,876,0,0.006554,0,2026-08-14T18:27:54+00:00
BT (Naive) / 8-Queens,14,True,1.0,876,0,0.010491,0,2026-08-14T18:27:54+00:00
BT (Naive) / 8-Queens,15,True,1.0,876,0,0.00736,0,2026-08-14T18:27:54+00:00
BT (Naive) / 8-Queens,16,True,1.0,876,0,0.008106,0,2026-08-14T18:27:54+00:00
BT (Naive) / 8-Queens,17,True,1.0,876,0,0.007076,0,2026-08-14T18:27:54+00:00
BT (Naive) / 8-Queens,18,True,1.0,876,0,0.011516,0,2026-08-14T18:27:54+00:00
BT (Naive) / 8-Queens,19,True,1.0,876,0,0.012734,0,2026-08-14T18:27:54+00:00
BT (Naive) / 8-Queens,20,True,1.0,876,0,0.008349,0,2026-08-14T18:27:54+00:00
BT (Naive) / 8-Queens,21,True,1.0,876,0,0.007996,0,2026-08-14T18:27:54+00:00
BT (Naive) / 8-Queens,22,True,1.0,876,0,0.007913,0,2026-08-14T18:27:54+00:00
BT (Naive) / 8-Queens,23,True,1.0,876,0,0.007819,0,2026-08-14T18:27:54+00:00
BT (Naive) / 8-Queens,24,True,1.0,876,0,0.008078,0,2026-08-14T18:27:54+00:00
BT (Naive) / 8-Queens,25,True,1.0,876,0,0.007588,0,2026-08-14T18:27:54+00:00
BT (Naive) / 8-Queens,26,True,1.0,876,0,0.007736,0,2026-08-14T18:27:54+00:00
BT (Naive) / 8-Queens,27,True,1.0,876,0,0.007803,0,2026-08-14T18:27:54+00:00
BT (Naive) / 8-Queens,28,True,1.0,876,0,0.007879,0,2026-08-14T18:27:54+00:00
BT (Naive) / 8-Queens,29,True,1.0,876,0,0.007619,0,2026-08-14T18:27:54+00:00
BT (Naive) / 8-Queens,30,True,1.0,876,0,0.007092,0,2026-08-14T18:27:54+00:00
BT+MRV / 8-Queens,1,True,1.0,876,0,0.006399,0,2026-08-14T18:27:54+00:00
BT+MRV / 8-Queens,2,True,1.0,876,0,0.006565,0,2026-08-14T18:27:54+00:00
BT+MRV / 8-Queens,3,True,1.0,876,0,0.006785,0,2026-08-14T18:27:54+00:00
BT+MRV / 8-Queens,4,True,1.0,876,0,0.007562,0,2026-08-14T18:27:54+00:00
BT+MRV / 8-Queens,5,True,1.0,876,0,0.008296,0,2026-08-14T18:27:54+00:00
BT+MRV / 8-Queens,6,True,1.0,876,0,0.007978,0,2026-08-14T18:27:54+00:00
BT+MRV / 8-Queens,7,True,1.0,876,0,0.00956,0,2026-08-14T18:27:54+00:00
BT+MRV / 8-Queens,8,True,1.0,876,0,0.008886,0,2026-08-14T18:27:54+00:00
BT+MRV / 8-Queens,9,True,1.0,876,0,0.01287,0,2026-08-14T18:27:54+00:00
BT+MRV / 8-Queens,10,True,1.0,876,0,0.008306,0,2026-08-14T18:27:54+00:00
BT+MRV / 8-Queens,11,True,1.0,876,0,0.008953,0,2026-08-14T18:27:54+00:00
BT+MRV / 8-Queens,12,True,1.0,876,0,0.008898,0,2026-08-14T18:27:54+00:00
BT+MRV / 8-Queens,13,True,1.0,876,0,0.009592,0,2026-08-14T18:27:54+00:00
BT+MRV / 8-Queens,14,True,1.0,876,0,0.010707,0,2026-08-14T18:27:54+00:00
BT+MRV / 8-Queens,15,True,1.0,876,0,0.009725,0,2026-08-14T18:27:54+00:00
BT+MRV / 8-Queens,16,True,1.0,876,0,0.009649,0,2026-08-14T18:27:54+00:00
BT+MRV / 8-Queens,17,True,1.0,876,0,0.009596,0,2026-08-14T18:27:54+00:00
BT+MRV / 8-Queens,18,True,1.0,876,0,0.010059,0,2026-08-14T18:27:54+00:00
BT+MRV / 8-Queens,19,True,1.0,876,0,0.010318,0,2026-08-14T18:27:54+00:00
BT+MRV / 8-Queens,20,True,1.0,876,0,0.009982,0,2026-08-14T18:27:54+00:00
BT+MRV / 8-Queens,21,True,1.0,876,0,0.00955,0,2026-08-14T18:27:54+00:00
BT+MRV / 8-Queens,22,True,1.0,876,0,0.010302,0,2026-08-14T18:27:54+00:00
BT+MRV / 8-Queens,23,True,1.0,876,0,0.009479,0,2026-08-14T18:27:54+00:00
BT+MRV / 8-Queens,24,True,1.0,876,0,0.00948,0,2026-08-14T18:27:54+00:00
BT+MRV / 8-Queens,25,True,1.0,876,0,0.009102,0,2026-08-14T18:27:54+00:00
BT+MRV / 8-Queens,26,True,1.0,876,0,0.009826,0,2026-08-14T18:27:54+00:00
BT+MRV / 8-Queens,27,True,1.0,876,0,0.013928,0,2026-08-14T18:27:54+00:00
BT+MRV / 8-Queens,28,True,1.0,876,0,0.010671,0,2026-08-14T18:27:54+00:00
BT+MRV / 8-Queens,29,True,1.0,876,0,0.012357,0,2026-08-14T18:27:54+00:00
BT+MRV / 8-Queens,30,True,1.0,876,0,0.010378,0,2026-08-14T18:27:54+00:00
BT+FC / 8-Queens,1,True,1.0,88,0,0.008777,0,2026-08-14T18:27:54+00:00
BT+FC / 8-Queens,2,True,1.0,88,0,0.006269,0,2026-08-14T18:27:54+00:00
BT+FC / 8-Queens,3,True,1.0,88,0,0.010573,0,2026-08-14T18:27:54+00:00
BT+FC / 8-Queens,4,True,1.0,88,0,0.006768,0,2026-08-14T18:27:54+00:00
BT+FC / 8-Queens,5,True,1.0,88,0,0.007978,0,2026-08-14T18:27:54+00:00
BT+FC / 8-Queens,6,True,1.0,88,0,0.007612,0,2026-08-14T18:27:54+00:00
BT+FC / 8-Queens,7,True,1.0,88,0,0.006702,0,2026-08-14T18:27:54+00:00
BT+FC / 8-Queens,8,True,1.0,88,0,0.00586,0,2026-08-14T18:27:54+00:00
BT+FC / 8-Queens,9,True,1.0,88,0,0.005862,0,2026-08-14T18:27:54+00:00
BT+FC / 8-Queens,10,True,1.0,88,0,0.006248,0,2026-08-14T18:27:54+00:00
BT+FC / 8-Queens,11,True,1.0,88,0,0.005891,0,2026-08-14T18:27:54+00:00
BT+FC / 8-Queens,12,True,1.0,88,0,0.006,0,2026-08-14T18:27:54+00:00
BT+FC / 8-Queens,13,True,1.0,88,0,0.005825,0,2026-08-14T18:27:54+00:00
BT+FC / 8-Queens,14,True,1.0,88,0,0.006046,0,2026-08-14T18:27:54+00:00
BT+FC / 8-Queens,15,True,1.0,88,0,0.00609,0,2026-08-14T18:27:54+00:00
BT+FC / 8-Queens,16,True,1.0,88,0,0.006504,0,2026-08-14T18:27:54+00:00
BT+FC / 8-Queens,17,True,1.0,88,0,0.00795,0,2026-08-14T18:27:54+00:00
BT+FC / 8-Queens,18,True,1.0,88,0,0.00853,0,2026-08-14T18:27:54+00:00
BT+FC / 8-Queens,19,True,1.0,88,0,0.005815,0,2026-08-14T18:27:54+00:00
BT+FC / 8-Queens,20,True,1.0,88,0,0.005919,0,2026-08-14T18:27:54+00:00
BT+FC / 8-Queens,21,True,1.0,88,0,0.005619,0,2026-08-14T18:27:54+00:00
BT+FC / 8-Queens,22,True,1.0,88,0,0.005194,0,2026-08-14T18:27:54+00:00
BT+FC / 8-Queens,23,True,1.0,88,0,0.006918,0,2026-08-14T18:27:54+00:00
BT+FC / 8-Queens,24,True,1.0,88,0,0.005257,0,2026-08-14T18:27:54+00:00
BT+FC / 8-Queens,25,True,1.0,88,0,0.005279,0,2026-08-14T18:27:54+00:00
BT+FC / 8-Queens,26,True,1.0,88,0,0.004905,0,2026-08-14T18:27:54+00:00
BT+FC / 8-Queens,27,True,1.0,88,0,0.004927,0,2026-08-14T18:27:54+00:00
BT+FC / 8-Queens,28,True,1.0,88,0,0.009923,0,2026-08-14T18:27:54+00:00
BT+FC / 8-Queens,29,True,1.0,88,0,0.009588,0,2026-08-14T18:27:54+00:00
BT+FC / 8-Queens,30,True,1.0,88,0,0.005253,0,2026-08-14T18:27:54+00:00
BT+MAC / 8-Queens,1,True,1.0,20,0,0.006006,0,2026-08-14T18:27:54+00:00
BT+MAC / 8-Queens,2,True,1.0,20,0,0.006242,0,2026-08-14T18:27:54+00:00
BT+MAC / 8-Queens,3,True,1.0,20,0,0.005862,0,2026-08-14T18:27:54+00:00
BT+MAC / 8-Queens,4,True,1.0,20,0,0.005761,0,2026-08-14T18:27:55+00:00
BT+MAC / 8-Queens,5,True,1.0,20,0,0.008966,0,2026-08-14T18:27:55+00:00
BT+MAC / 8-Queens,6,True,1.0,20,0,0.006444,0,2026-08-14T18:27:55+00:00
BT+MAC / 8-Queens,7,True,1.0,20,0,0.008917,0,2026-08-14T18:27:55+00:00
BT+MAC / 8-Queens,8,True,1.0,20,0,0.006499,0,2026-08-14T18:27:55+00:00
BT+MAC / 8-Queens,9,True,1.0,20,0,0.006644,0,2026-08-14T18:27:55+00:00
BT+MAC / 8-Queens,10,True,1.0,20,0,0.006869,0,2026-08-14T18:27:55+00:00
BT+MAC / 8-Queens,11,True,1.0,20,0,0.006868,0,2026-08-14T18:27:55+00:00
BT+MAC / 8-Queens,12,True,1.0,20,0,0.006938,0,2026-08-14T18:27:55+00:00
BT+MAC / 8-Queens,13,True,1.0,20,0,0.006644,0,2026-08-14T18:27:55+00:00
BT+MAC / 8-Queens,14,True,1.0,20,0,0.005344,0,2026-08-14T18:27:55+00:00
BT+MAC / 8-Queens,15,True,1.0,20,0,0.005138,0,2026-08-14T18:27:55+00:00
BT+MAC / 8-Queens,16,True,1.0,20,0,0.005718,0,2026-08-14T18:27:55+00:00
BT+MAC / 8-Queens,17,True,1.0,20,0,0.005339,0,2026-08-14T18:27:55+00:00
BT+MAC / 8-Queens,18,True,1.0,20,0,0.005346,0,2026-08-14T18:27:55+00:00
BT+MAC / 8-Queens,19,True,1.0,20,0,0.006001,0,2026-08-14T18:27:55+00:00
BT+MAC / 8-Queens,20,True,1.0,20,0,0.005522,0,2026-08-14T18:27:55+00:00
BT+MAC / 8-Queens,21,True,1.0,20,0,0.005513,0,2026-08-14T18:27:55+00:00
BT+MAC / 8-Queens,22,True,1.0,20,0,0.004847,0,2026-08-14T18:27:55+00:00
BT+MAC / 8-Queens,23,True,1.0,20,0,0.006251,0,2026-08-14T18:27:55+00:00
BT+MAC / 8-Queens,24,True,1.0,20,0,0.006611,0,2026-08-14T18:27:55+00:00
BT+MAC / 8-Queens,25,True,1.0,20,0,0.006634,0,2026-08-14T18:27:55+00:00
BT+MAC / 8-Queens,26,True,1.0,20,0,0.006186,0,2026-08-14T18:27:55+00:00
BT+MAC / 8-Queens,27,True,1.0,20,0,0.006868,0,2026-08-14T18:27:55+00:00
BT+MAC / 8-Queens,28,True,1.0,20,0,0.005809,0,2026-08-14T18:27:55+00:00
BT+MAC / 8-Queens,29,True,1.0,20,0,0.009757,0,2026-08-14T18:27:55+00:00
BT+MAC / 8-Queens,30,True,1.0,20,0,0.008343,0,2026-08-14T18:27:55+00:00
BT+MRV+FC / 8-Queens,1,True,1.0,75,0,0.007524,0,2026-08-14T18:27:55+00:00
BT+MRV+FC / 8-Queens,2,True,1.0,75,0,0.006616,0,2026-08-14T18:27:55+00:00
BT+MRV+FC / 8-Queens,3,True,1.0,75,0,0.005014,0,2026-08-14T18:27:55+00:00
BT+MRV+FC / 8-Queens,4,True,1.0,75,0,0.006352,0,2026-08-14T18:27:55+00:00
BT+MRV+FC / 8-Queens,5,True,1.0,75,0,0.005145,0,2026-08-14T18:27:55+00:00
BT+MRV+FC / 8-Queens,6,True,1.0,75,0,0.004715,0,2026-08-14T18:27:55+00:00
BT+MRV+FC / 8-Queens,7,True,1.0,75,0,0.010082,0,2026-08-14T18:27:55+00:00
BT+MRV+FC / 8-Queens,8,True,1.0,75,0,0.010484,0,2026-08-14T18:27:55+00:00
BT+MRV+FC / 8-Queens,9,True,1.0,75,0,0.007283,0,2026-08-14T18:27:55+00:00
BT+MRV+FC / 8-Queens,10,True,1.0,75,0,0.005315,0,2026-08-14T18:27:55+00:00
BT+MRV+FC / 8-Queens,11,True,1.0,75,0,0.005128,0,2026-08-14T18:27:55+00:00
BT+MRV+FC / 8-Queens,12,True,1.0,75,0,0.008209,0,2026-08-14T18:27:55+00:00
BT+MRV+FC / 8-Queens,13,True,1.0,75,0,0.004008,0,2026-08-14T18:27:55+00:00
BT+MRV+FC / 8-Queens,14,True,1.0,75,0,0.003997,0,2026-08-14T18:27:55+00:00
BT+MRV+FC / 8-Queens,15,True,1.0,75,0,0.004517,0,2026-08-14T18:27:55+00:00
BT+MRV+FC / 8-Queens,16,True,1.0,75,0,0.003758,0,2026-08-14T18:27:55+00:00
BT+MRV+FC / 8-Queens,17,True,1.0,75,0,0.003597,0,2026-08-14T18:27:55+00:00
BT+MRV+FC / 8-Queens,18,True,1.0,75,0,0.004823,0,2026-08-14T18:27:55+00:00
BT+MRV+FC / 8-Queens,19,True,1.0,75,0,0.003682,0,2026-08-14T18:27:55+00:00
BT+MRV+FC / 8-Queens,20,True,1.0,75,0,0.004617,0,2026-08-14T18:27:55+00:00
BT+MRV+FC / 8-Queens,21,True,1.0,75,0,0.003875,0,2026-08-14T18:27:55+00:00
BT+MRV+FC / 8-Queens,22,True,1.0,75,0,0.003778,0,2026-08-14T18:27:55+00:00
BT+MRV+FC / 8-Queens,23,True,1.0,75,0,0.003735,0,2026-08-14T18:27:55+00:00
BT+MRV+FC / 8-Queens,24,True,1.0,75,0,0.003863,0,2026-08-14T18:27:55+00:00
BT+MRV+FC / 8-Queens,25,True,1.0,75,0,0.003729,0,2026-08-14T18:27:55+00:00
BT+MRV+FC / 8-Queens,26,True,1.0,75,0,0.004208,0,2026-08-14T18:27:55+00:00
BT+MRV+FC / 8-Queens,27,True,1.0,75,0,0.003801,0,2026-08-14T18:27:55+00:00
BT+MRV+FC / 8-Queens,28,True,1.0,75,0,0.003685,0,2026-08-14T18:27:55+00:00
BT+MRV+FC / 8-Queens,29,True,1.0,75,0,0.003616,0,2026-08-14T18:27:55+00:00
BT+MRV+FC / 8-Queens,30,True,1.0,75,0,0.003311,0,2026-08-14T18:27:55+00:00
BT+MRV+MAC / 8-Queens,1,True,1.0,20,0,0.004618,0,2026-08-14T18:27:55+00:00
BT+MRV+MAC / 8-Queens,2,True,1.0,20,0,0.00453,0,2026-08-14T18:27:55+00:00
BT+MRV+MAC / 8-Queens,3,True,1.0,20,0,0.004356,0,2026-08-14T18:27:55+00:00
BT+MRV+MAC / 8-Queens,4,True,1.0,20,0,0.006988,0,2026-08-14T18:27:55+00:00
BT+MRV+MAC / 8-Queens,5,True,1.0,20,0,0.006649,0,2026-08-14T18:27:55+00:00
BT+MRV+MAC / 8-Queens,6,True,1.0,20,0,0.005239,0,2026-08-14T18:27:55+00:00
BT+MRV+MAC / 8-Queens,7,True,1.0,20,0,0.006119,0,2026-08-14T18:27:55+00:00
BT+MRV+MAC / 8-Queens,8,True,1.0,20,0,0.004953,0,2026-08-14T18:27:55+00:00
BT+MRV+MAC / 8-Queens,9,True,1.0,20,0,0.005307,0,2026-08-14T18:27:55+00:00
BT+MRV+MAC / 8-Queens,10,True,1.0,20,0,0.004717,0,2026-08-14T18:27:55+00:00
BT+MRV+MAC / 8-Queens,11,True,1.0,20,0,0.004972,0,2026-08-14T18:27:55+00:00
BT+MRV+MAC / 8-Queens,12,True,1.0,20,0,0.00481,0,2026-08-14T18:27:55+00:00
BT+MRV+MAC / 8-Queens,13,True,1.0,20,0,0.004776,0,2026-08-14T18:27:55+00:00
BT+MRV+MAC / 8-Queens,14,True,1.0,20,0,0.004935,0,2026-08-14T18:27:55+00:00
BT+MRV+MAC / 8-Queens,15,True,1.0,20,0,0.010025,0,2026-08-14T18:27:55+00:00
BT+MRV+MAC / 8-Queens,16,True,1.0,20,0,0.009088,0,2026-08-14T18:27:55+00:00
BT+MRV+MAC / 8-Queens,17,True,1.0,20,0,0.007846,0,2026-08-14T18:27:55+00:00
BT+MRV+MAC / 8-Queens,18,True,1.0,20,0,0.005089,0,2026-08-14T18:27:55+00:00
BT+MRV+MAC / 8-Queens,19,True,1.0,20,0,0.005686,0,2026-08-14T18:27:55+00:00
BT+MRV+MAC / 8-Queens,20,True,1.0,20,0,0.006256,0,2026-08-14T18:27:55+00:00
BT+MRV+MAC / 8-Queens,21,True,1.0,20,0,0.005186,0,2026-08-14T18:27:55+00:00
BT+MRV+MAC / 8-Queens,22,True,1.0,20,0,0.006526,0,2026-08-14T18:27:55+00:00
BT+MRV+MAC / 8-Queens,23,True,1.0,20,0,0.005329,0,2026-08-14T18:27:55+00:00
BT+MRV+MAC / 8-Queens,24,True,1.0,20,0,0.006461,0,2026-08-14T18:27:55+00:00
BT+MRV+MAC / 8-Queens,25,True,1.0,20,0,0.006976,0,2026-08-14T18:27:55+00:00
BT+MRV+MAC / 8-Queens,26,True,1.0,20,0,0.009195,0,2026-08-14T18:27:55+00:00
BT+MRV+MAC / 8-Queens,27,True,1.0,20,0,0.009483,0,2026-08-14T18:27:55+00:00
BT+MRV+MAC / 8-Queens,28,True,1.0,20,0,0.01252,0,2026-08-14T18:27:55+00:00
BT+MRV+MAC / 8-Queens,29,True,1.0,20,0,0.006764,0,2026-08-14T18:27:55+00:00
BT+MRV+MAC / 8-Queens,30,True,1.0,20,0,0.011017,0,2026-08-14T18:27:55+00:00
BT+Degree / 8-Queens,1,True,1.0,876,0,0.013895,0,2026-08-14T18:27:55+00:00
BT+Degree / 8-Queens,2,True,1.0,876,0,0.011722,0,2026-08-14T18:27:55+00:00
BT+Degree / 8-Queens,3,True,1.0,876,0,0.01357,0,2026-08-14T18:27:55+00:00
BT+Degree / 8-Queens,4,True,1.0,876,0,0.014047,0,2026-08-14T18:27:55+00:00
BT+Degree / 8-Queens,5,True,1.0,876,0,0.016844,0,2026-08-14T18:27:55+00:00
BT+Degree / 8-Queens,6,True,1.0,876,0,0.013915,0,2026-08-14T18:27:55+00:00
BT+Degree / 8-Queens,7,True,1.0,876,0,0.009226,0,2026-08-14T18:27:55+00:00
BT+Degree / 8-Queens,8,True,1.0,876,0,0.011024,0,2026-08-14T18:27:55+00:00
BT+Degree / 8-Queens,9,True,1.0,876,0,0.010427,0,2026-08-14T18:27:55+00:00
BT+Degree / 8-Queens,10,True,1.0,876,0,0.0095,0,2026-08-14T18:27:55+00:00
BT+Degree / 8-Queens,11,True,1.0,876,0,0.010315,0,2026-08-14T18:27:55+00:00
BT+Degree / 8-Queens,12,True,1.0,876,0,0.009246,0,2026-08-14T18:27:55+00:00
BT+Degree / 8-Queens,13,True,1.0,876,0,0.009706,0,2026-08-14T18:27:55+00:00
BT+Degree / 8-Queens,14,True,1.0,876,0,0.00941,0,2026-08-14T18:27:55+00:00
BT+Degree / 8-Queens,15,True,1.0,876,0,0.009124,0,2026-08-14T18:27:55+00:00
BT+Degree / 8-Queens,16,True,1.0,876,0,0.008886,0,2026-08-14T18:27:55+00:00
BT+Degree / 8-Queens,17,True,1.0,876,0,0.007441,0,2026-08-14T18:27:55+00:00
BT+Degree / 8-Queens,18,True,1.0,876,0,0.007525,0,2026-08-14T18:27:55+00:00
BT+Degree / 8-Queens,19,True,1.0,876,0,0.007231,0,2026-08-14T18:27:55+00:00
BT+Degree / 8-Queens,20,True,1.0,876,0,0.00726,0,2026-08-14T18:27:55+00:00
BT+Degree / 8-Queens,21,True,1.0,876,0,0.007296,0,2026-08-14T18:27:55+00:00
BT+Degree / 8-Queens,22,True,1.0,876,0,0.007212,0,2026-08-14T18:27:55+00:00
BT+Degree / 8-Queens,23,True,1.0,876,0,0.007232,0,2026-08-14T18:27:55+00:00
BT+Degree / 8-Queens,24,True,1.0,876,0,0.007108,0,2026-08-14T18:27:55+00:00
BT+Degree / 8-Queens,25,True,1.0,876,0,0.008723,0,2026-08-14T18:27:55+00:00
BT+Degree / 8-Queens,26,True,1.0,876,0,0.007881,0,2026-08-14T18:27:55+00:00
BT+Degree / 8-Queens,27,True,1.0,876,0,0.009013,0,2026-08-14T18:27:55+00:00
BT+Degree / 8-Queens,28,True,1.0,876,0,0.007972,0,2026-08-14T18:27:55+00:00
BT+Degree / 8-Queens,29,True,1.0,876,0,0.008441,0,2026-08-14T18:27:55+00:00
BT+Degree / 8-Queens,30,True,1.0,876,0,0.010235,0,2026-08-14T18:27:56+00:00
BT+LCV / 8-Queens,1,True,1.0,991,0,0.021503,0,2026-08-14T18:27:56+00:00
BT+LCV / 8-Queens,2,True,1.0,991,0,0.042113,0,2026-08-14T18:27:56+00:00
BT+LCV / 8-Queens,3,True,1.0,991,0,0.033641,0,2026-08-14T18:27:56+00:00
BT+LCV / 8-Queens,4,True,1.0,991,0,0.030684,0,2026-08-14T18:27:56+00:00
BT+LCV / 8-Queens,5,True,1.0,991,0,0.030918,0,2026-08-14T18:27:56+00:00
BT+LCV / 8-Queens,6,True,1.0,991,0,0.020281,0,2026-08-14T18:27:56+00:00
BT+LCV / 8-Queens,7,True,1.0,991,0,0.022027,0,2026-08-14T18:27:56+00:00
BT+LCV / 8-Queens,8,True,1.0,991,0,0.029695,0,2026-08-14T18:27:56+00:00
BT+LCV / 8-Queens,9,True,1.0,991,0,0.025021,0,2026-08-14T18:27:56+00:00
BT+LCV / 8-Queens,10,True,1.0,991,0,0.025167,0,2026-08-14T18:27:56+00:00
BT+LCV / 8-Queens,11,True,1.0,991,0,0.022481,0,2026-08-14T18:27:56+00:00
BT+LCV / 8-Queens,12,True,1.0,991,0,0.025264,0,2026-08-14T18:27:56+00:00
BT+LCV / 8-Queens,13,True,1.0,991,0,0.028153,0,2026-08-14T18:27:56+00:00
BT+LCV / 8-Queens,14,True,1.0,991,0,0.027354,0,2026-08-14T18:27:56+00:00
BT+LCV / 8-Queens,15,True,1.0,991,0,0.025782,0,2026-08-14T18:27:56+00:00
BT+LCV / 8-Queens,16,True,1.0,991,0,0.02478,0,2026-08-14T18:27:56+00:00
BT+LCV / 8-Queens,17,True,1.0,991,0,0.024125,0,2026-08-14T18:27:56+00:00
BT+LCV / 8-Queens,18,True,1.0,991,0,0.018873,0,2026-08-14T18:27:56+00:00
BT+LCV / 8-Queens,19,True,1.0,991,0,0.021457,0,2026-08-14T18:27:56+00:00
BT+LCV / 8-Queens,20,True,1.0,991,0,0.019818,0,2026-08-14T18:27:56+00:00
BT+LCV / 8-Queens,21,True,1.0,991,0,0.027043,0,2026-08-14T18:27:56+00:00
BT+LCV / 8-Queens,22,True,1.0,991,0,0.024421,0,2026-08-14T18:27:56+00:00
BT+LCV / 8-Queens,23,True,1.0,991,0,0.023421,0,2026-08-14T18:27:56+00:00
BT+LCV / 8-Queens,24,True,1.0,991,0,0.024111,0,2026-08-14T18:27:56+00:00
BT+LCV / 8-Queens,25,True,1.0,991,0,0.020146,0,2026-08-14T18:27:56+00:00
BT+LCV / 8-Queens,26,True,1.0,991,0,0.019097,0,2026-08-14T18:27:56+00:00
BT+LCV / 8-Queens,27,True,1.0,991,0,0.019045,0,2026-08-14T18:27:56+00:00
BT+LCV / 8-Queens,28,True,1.0,991,0,0.022993,0,2026-08-14T18:27:56+00:00
BT+LCV / 8-Queens,29,True,1.0,991,0,0.027314,0,2026-08-14T18:27:56+00:00
BT+LCV / 8-Queens,30,True,1.0,991,0,0.02466,0,2026-08-14T18:27:56+00:00
Backjumping / 8-Queens,1,True,1.0,844,0,0.009145,0,2026-08-14T18:27:56+00:00
Backjumping / 8-Queens,2,True,1.0,844,0,0.009165,0,2026-08-14T18:27:56+00:00
Backjumping / 8-Queens,3,True,1.0,844,0,0.008748,0,2026-08-14T18:27:56+00:00
Backjumping / 8-Queens,4,True,1.0,844,0,0.008107,0,2026-08-14T18:27:56+00:00
Backjumping / 8-Queens,5,True,1.0,844,0,0.009426,0,2026-08-14T18:27:56+00:00
Backjumping / 8-Queens,6,True,1.0,844,0,0.009596,0,2026-08-14T18:27:56+00:00
Backjumping / 8-Queens,7,True,1.0,844,0,0.009275,0,2026-08-14T18:27:56+00:00
Backjumping / 8-Queens,8,True,1.0,844,0,0.009313,0,2026-08-14T18:27:56+00:00
Backjumping / 8-Queens,9,True,1.0,844,0,0.009181,0,2026-08-14T18:27:56+00:00
Backjumping / 8-Queens,10,True,1.0,844,0,0.00874,0,2026-08-14T18:27:56+00:00
Backjumping / 8-Queens,11,True,1.0,844,0,0.008991,0,2026-08-14T18:27:56+00:00
Backjumping / 8-Queens,12,True,1.0,844,0,0.007453,0,2026-08-14T18:27:56+00:00
Backjumping / 8-Queens,13,True,1.0,844,0,0.006584,0,2026-08-14T18:27:56+00:00
Backjumping / 8-Queens,14,True,1.0,844,0,0.006328,0,2026-08-14T18:27:56+00:00
Backjumping / 8-Queens,15,True,1.0,844,0,0.006368,0,2026-08-14T18:27:56+00:00
Backjumping / 8-Queens,16,True,1.0,844,0,0.006255,0,2026-08-14T18:27:56+00:00
Backjumping / 8-Queens,17,True,1.0,844,0,0.006399,0,2026-08-14T18:27:56+00:00
Backjumping / 8-Queens,18,True,1.0,844,0,0.006176,0,2026-08-14T18:27:56+00:00
Backjumping / 8-Queens,19,True,1.0,844,0,0.006385,0,2026-08-14T18:27:56+00:00
Backjumping / 8-Queens,20,True,1.0,844,0,0.00633,0,2026-08-14T18:27:56+00:00
Backjumping / 8-Queens,21,True,1.0,844,0,0.00621,0,2026-08-14T18:27:56+00:00
Backjumping / 8-Queens,22,True,1.0,844,0,0.006342,0,2026-08-14T18:27:56+00:00
Backjumping / 8-Queens,23,True,1.0,844,0,0.006206,0,2026-08-14T18:27:57+00:00
Backjumping / 8-Queens,24,True,1.0,844,0,0.007461,0,2026-08-14T18:27:57+00:00
Backjumping / 8-Queens,25,True,1.0,844,0,0.006705,0,2026-08-14T18:27:57+00:00
Backjumping / 8-Queens,26,True,1.0,844,0,0.006975,0,2026-08-14T18:27:57+00:00
Backjumping / 8-Queens,27,True,1.0,844,0,0.006921,0,2026-08-14T18:27:57+00:00
Backjumping / 8-Queens,28,True,1.0,844,0,0.006726,0,2026-08-14T18:27:57+00:00
Backjumping / 8-Queens,29,True,1.0,844,0,0.007474,0,2026-08-14T18:27:57+00:00
Backjumping / 8-Queens,30,True,1.0,844,0,0.007027,0,2026-08-14T18:27:57+00:00
CBJ / 8-Queens,1,True,1.0,862,0,0.00905,0,2026-08-14T18:27:57+00:00
CBJ / 8-Queens,2,True,1.0,862,0,0.006679,0,2026-08-14T18:27:57+00:00
CBJ / 8-Queens,3,True,1.0,862,0,0.007397,0,2026-08-14T18:27:57+00:00
CBJ / 8-Queens,4,True,1.0,862,0,0.006445,0,2026-08-14T18:27:57+00:00
CBJ / 8-Queens,5,True,1.0,862,0,0.006958,0,2026-08-14T18:27:57+00:00
CBJ / 8-Queens,6,True,1.0,862,0,0.006291,0,2026-08-14T18:27:57+00:00
CBJ / 8-Queens,7,True,1.0,862,0,0.007987,0,2026-08-14T18:27:57+00:00
CBJ / 8-Queens,8,True,1.0,862,0,0.00621,0,2026-08-14T18:27:57+00:00
CBJ / 8-Queens,9,True,1.0,862,0,0.006726,0,2026-08-14T18:27:57+00:00
CBJ / 8-Queens,10,True,1.0,862,0,0.006284,0,2026-08-14T18:27:57+00:00
CBJ / 8-Queens,11,True,1.0,862,0,0.006999,0,2026-08-14T18:27:57+00:00
CBJ / 8-Queens,12,True,1.0,862,0,0.006435,0,2026-08-14T18:27:57+00:00
CBJ / 8-Queens,13,True,1.0,862,0,0.007659,0,2026-08-14T18:27:57+00:00
CBJ / 8-Queens,14,True,1.0,862,0,0.006513,0,2026-08-14T18:27:57+00:00
CBJ / 8-Queens,15,True,1.0,862,0,0.006976,0,2026-08-14T18:27:57+00:00
CBJ / 8-Queens,16,True,1.0,862,0,0.006342,0,2026-08-14T18:27:57+00:00
CBJ / 8-Queens,17,True,1.0,862,0,0.006769,0,2026-08-14T18:27:57+00:00
CBJ / 8-Queens,18,True,1.0,862,0,0.00688,0,2026-08-14T18:27:57+00:00
CBJ / 8-Queens,19,True,1.0,862,0,0.007302,0,2026-08-14T18:27:57+00:00
CBJ / 8-Queens,20,True,1.0,862,0,0.006941,0,2026-08-14T18:27:57+00:00
CBJ / 8-Queens,21,True,1.0,862,0,0.008756,0,2026-08-14T18:27:57+00:00
CBJ / 8-Queens,22,True,1.0,862,0,0.008405,0,2026-08-14T18:27:57+00:00
CBJ / 8-Queens,23,True,1.0,862,0,0.011554,0,2026-08-14T18:27:57+00:00
CBJ / 8-Queens,24,True,1.0,862,0,0.01589,0,2026-08-14T18:27:57+00:00
CBJ / 8-Queens,25,True,1.0,862,0,0.010903,0,2026-08-14T18:27:57+00:00
CBJ / 8-Queens,26,True,1.0,862,0,0.011444,0,2026-08-14T18:27:57+00:00
CBJ / 8-Queens,27,True,1.0,862,0,0.009987,0,2026-08-14T18:27:57+00:00
CBJ / 8-Queens,28,True,1.0,862,0,0.009794,0,2026-08-14T18:27:57+00:00
CBJ / 8-Queens,29,True,1.0,862,0,0.008996,0,2026-08-14T18:27:57+00:00
CBJ / 8-Queens,30,True,1.0,862,0,0.009215,0,2026-08-14T18:27:57+00:00
Symmetric BT / 8-Queens,1,True,1.0,876,0,0.008448,0,2026-08-14T18:27:57+00:00
Symmetric BT / 8-Queens,2,True,1.0,876,0,0.008685,0,2026-08-14T18:27:57+00:00
Symmetric BT / 8-Queens,3,True,1.0,876,0,0.008219,0,2026-08-14T18:27:57+00:00
Symmetric BT / 8-Queens,4,True,1.0,876,0,0.008296,0,2026-08-14T18:27:57+00:00
Symmetric BT / 8-Queens,5,True,1.0,876,0,0.008197,0,2026-08-14T18:27:57+00:00
Symmetric BT / 8-Queens,6,True,1.0,876,0,0.007877,0,2026-08-14T18:27:57+00:00
Symmetric BT / 8-Queens,7,True,1.0,876,0,0.006345,0,2026-08-14T18:27:57+00:00
Symmetric BT / 8-Queens,8,True,1.0,876,0,0.006095,0,2026-08-14T18:27:57+00:00
Symmetric BT / 8-Queens,9,True,1.0,876,0,0.005931,0,2026-08-14T18:27:57+00:00
Symmetric BT / 8-Queens,10,True,1.0,876,0,0.005667,0,2026-08-14T18:27:57+00:00
Symmetric BT / 8-Queens,11,True,1.0,876,0,0.005791,0,2026-08-14T18:27:57+00:00
Symmetric BT / 8-Queens,12,True,1.0,876,0,0.005695,0,2026-08-14T18:27:57+00:00
Symmetric BT / 8-Queens,13,True,1.0,876,0,0.006093,0,2026-08-14T18:27:57+00:00
Symmetric BT / 8-Queens,14,True,1.0,876,0,0.005894,0,2026-08-14T18:27:57+00:00
Symmetric BT / 8-Queens,15,True,1.0,876,0,0.006078,0,2026-08-14T18:27:57+00:00
Symmetric BT / 8-Queens,16,True,1.0,876,0,0.005618,0,2026-08-14T18:27:57+00:00
Symmetric BT / 8-Queens,17,True,1.0,876,0,0.007182,0,2026-08-14T18:27:57+00:00
Symmetric BT / 8-Queens,18,True,1.0,876,0,0.005937,0,2026-08-14T18:27:57+00:00
Symmetric BT / 8-Queens,19,True,1.0,876,0,0.006319,0,2026-08-14T18:27:57+00:00
Symmetric BT / 8-Queens,20,True,1.0,876,0,0.005992,0,2026-08-14T18:27:57+00:00
Symmetric BT / 8-Queens,21,True,1.0,876,0,0.008663,0,2026-08-14T18:27:57+00:00
Symmetric BT / 8-Queens,22,True,1.0,876,0,0.006275,0,2026-08-14T18:27:57+00:00
Symmetric BT / 8-Queens,23,True,1.0,876,0,0.006163,0,2026-08-14T18:27:57+00:00
Symmetric BT / 8-Queens,24,True,1.0,876,0,0.00653,0,2026-08-14T18:27:57+00:00
Symmetric BT / 8-Queens,25,True,1.0,876,0,0.006263,0,2026-08-14T18:27:57+00:00
Symmetric BT / 8-Queens,26,True,1.0,876,0,0.007333,0,2026-08-14T18:27:57+00:00
Symmetric BT / 8-Queens,27,True,1.0,876,0,0.007972,0,2026-08-14T18:27:57+00:00
Symmetric BT / 8-Queens,28,True,1.0,876,0,0.006787,0,2026-08-14T18:27:57+00:00
Symmetric BT / 8-Queens,29,True,1.0,876,0,0.006155,0,2026-08-14T18:27:57+00:00
Symmetric BT / 8-Queens,30,True,1.0,876,0,0.006805,0,2026-08-14T18:27:57+00:00
Min-Conflicts / 8-Queens,1,True,1.0,14,0,0.001317,0,2026-08-14T18:27:57+00:00
Min-Conflicts / 8-Queens,2,True,1.0,46,0,0.002953,0,2026-08-14T18:27:57+00:00
Min-Conflicts / 8-Queens,3,True,1.0,19,0,0.001506,0,2026-08-14T18:27:57+00:00
Min-Conflicts / 8-Queens,4,True,1.0,139,0,0.009829,0,2026-08-14T18:27:57+00:00
Min-Conflicts / 8-Queens,5,True,1.0,26,0,0.002532,0,2026-08-14T18:27:57+00:00
Min-Conflicts / 8-Queens,6,True,1.0,90,0,0.007469,0,2026-08-14T18:27:57+00:00
Min-Conflicts / 8-Queens,7,True,1.0,88,0,0.006903,0,2026-08-14T18:27:57+00:00
Min-Conflicts / 8-Queens,8,True,1.0,19,0,0.001899,0,2026-08-14T18:27:57+00:00
Min-Conflicts / 8-Queens,9,True,1.0,118,0,0.009419,0,2026-08-14T18:27:57+00:00
Min-Conflicts / 8-Queens,10,True,1.0,55,0,0.004749,0,2026-08-14T18:27:57+00:00
Min-Conflicts / 8-Queens,11,True,1.0,70,0,0.006905,0,2026-08-14T18:27:57+00:00
Min-Conflicts / 8-Queens,12,True,1.0,359,0,0.02525,0,2026-08-14T18:27:57+00:00
Min-Conflicts / 8-Queens,13,True,1.0,37,0,0.003278,0,2026-08-14T18:27:57+00:00
Min-Conflicts / 8-Queens,14,True,1.0,18,0,0.001817,0,2026-08-14T18:27:57+00:00
Min-Conflicts / 8-Queens,15,True,1.0,19,0,0.001922,0,2026-08-14T18:27:57+00:00
Min-Conflicts / 8-Queens,16,True,1.0,122,0,0.008686,0,2026-08-14T18:27:57+00:00
Min-Conflicts / 8-Queens,17,False,0.0,100000,0,5.083431,0,2026-08-14T18:28:02+00:00
Min-Conflicts / 8-Queens,18,True,1.0,7,0,0.001423,0,2026-08-14T18:28:02+00:00
Min-Conflicts / 8-Queens,19,True,1.0,49,0,0.003238,0,2026-08-14T18:28:02+00:00
Min-Conflicts / 8-Queens,20,True,1.0,65,0,0.00406,0,2026-08-14T18:28:02+00:00
Min-Conflicts / 8-Queens,21,True,1.0,128,0,0.008024,0,2026-08-14T18:28:02+00:00
Min-Conflicts / 8-Queens,22,True,1.0,20,0,0.001536,0,2026-08-14T18:28:02+00:00
Min-Conflicts / 8-Queens,23,True,1.0,21,0,0.001763,0,2026-08-14T18:28:02+00:00
Min-Conflicts / 8-Queens,24,True,1.0,10,0,0.001175,0,2026-08-14T18:28:02+00:00
Min-Conflicts / 8-Queens,25,True,1.0,67,0,0.003963,0,2026-08-14T18:28:02+00:00
Min-Conflicts / 8-Queens,26,True,1.0,37,0,0.003096,0,2026-08-14T18:28:02+00:00
Min-Conflicts / 8-Queens,27,True,1.0,17,0,0.001759,0,2026-08-14T18:28:02+00:00
Min-Conflicts / 8-Queens,28,True,1.0,24,0,0.001693,0,2026-08-14T18:28:02+00:00
Min-Conflicts / 8-Queens,29,True,1.0,82,0,0.004832,0,2026-08-14T18:28:02+00:00
Min-Conflicts / 8-Queens,30,False,0.0,100000,0,6.342381,0,2026-08-14T18:28:09+00:00
BT+MRV / Sudoku Easy,1,True,1.0,1637,0,0.152639,0,2026-08-14T18:28:09+00:00
BT+MRV / Sudoku Easy,2,True,1.0,1637,0,0.122104,0,2026-08-14T18:28:09+00:00
BT+MRV / Sudoku Easy,3,True,1.0,1637,0,0.168604,0,2026-08-14T18:28:09+00:00
BT+MRV / Sudoku Easy,4,True,1.0,1637,0,0.192845,0,2026-08-14T18:28:09+00:00
BT+MRV / Sudoku Easy,5,True,1.0,1637,0,0.297777,0,2026-08-14T18:28:10+00:00
BT+MRV / Sudoku Easy,6,True,1.0,1637,0,0.373125,0,2026-08-14T18:28:10+00:00
BT+MRV / Sudoku Easy,7,True,1.0,1637,0,0.222418,0,2026-08-14T18:28:10+00:00
BT+MRV / Sudoku Easy,8,True,1.0,1637,0,0.253362,0,2026-08-14T18:28:11+00:00
BT+MRV / Sudoku Easy,9,True,1.0,1637,0,0.277228,0,2026-08-14T18:28:11+00:00
BT+MRV / Sudoku Easy,10,True,1.0,1637,0,0.227647,0,2026-08-14T18:28:11+00:00
BT+MRV / Sudoku Easy,11,True,1.0,1637,0,0.267228,0,2026-08-14T18:28:11+00:00
BT+MRV / Sudoku Easy,12,True,1.0,1637,0,0.287889,0,2026-08-14T18:28:12+00:00
BT+MRV / Sudoku Easy,13,True,1.0,1637,0,0.280048,0,2026-08-14T18:28:12+00:00
BT+MRV / Sudoku Easy,14,True,1.0,1637,0,0.235009,0,2026-08-14T18:28:12+00:00
BT+MRV / Sudoku Easy,15,True,1.0,1637,0,0.268812,0,2026-08-14T18:28:12+00:00
BT+MRV / Sudoku Easy,16,True,1.0,1637,0,0.259457,0,2026-08-14T18:28:13+00:00
BT+MRV / Sudoku Easy,17,True,1.0,1637,0,0.305143,0,2026-08-14T18:28:13+00:00
BT+MRV / Sudoku Easy,18,True,1.0,1637,0,0.27837,0,2026-08-14T18:28:13+00:00
BT+MRV / Sudoku Easy,19,True,1.0,1637,0,0.266852,0,2026-08-14T18:28:14+00:00
BT+MRV / Sudoku Easy,20,True,1.0,1637,0,0.280615,0,2026-08-14T18:28:14+00:00
BT+MRV / Sudoku Easy,21,True,1.0,1637,0,0.334579,0,2026-08-14T18:28:14+00:00
BT+MRV / Sudoku Easy,22,True,1.0,1637,0,0.376836,0,2026-08-14T18:28:15+00:00
BT+MRV / Sudoku Easy,23,True,1.0,1637,0,0.242664,0,2026-08-14T18:28:15+00:00
BT+MRV / Sudoku Easy,24,True,1.0,1637,0,0.252361,0,2026-08-14T18:28:15+00:00
BT+MRV / Sudoku Easy,25,True,1.0,1637,0,0.201369,0,2026-08-14T18:28:15+00:00
BT+MRV / Sudoku Easy,26,True,1.0,1637,0,0.24039,0,2026-08-14T18:28:16+00:00
BT+MRV / Sudoku Easy,27,True,1.0,1637,0,0.212499,0,2026-08-14T18:28:16+00:00
BT+MRV / Sudoku Easy,28,True,1.0,1637,0,0.249448,0,2026-08-14T18:28:16+00:00
BT+MRV / Sudoku Easy,29,True,1.0,1637,0,0.281483,0,2026-08-14T18:28:16+00:00
BT+MRV / Sudoku Easy,30,True,1.0,1637,0,0.260516,0,2026-08-14T18:28:17+00:00
BT+FC / Sudoku Easy,1,True,1.0,489,0,0.454161,0,2026-08-14T18:28:17+00:00
BT+FC / Sudoku Easy,2,True,1.0,489,0,0.468089,0,2026-08-14T18:28:18+00:00
BT+FC / Sudoku Easy,3,True,1.0,489,0,0.432086,0,2026-08-14T18:28:18+00:00
BT+FC / Sudoku Easy,4,True,1.0,489,0,0.436109,0,2026-08-14T18:28:19+00:00
BT+FC / Sudoku Easy,5,True,1.0,489,0,0.403233,0,2026-08-14T18:28:19+00:00
BT+FC / Sudoku Easy,6,True,1.0,489,0,0.454495,0,2026-08-14T18:28:19+00:00
BT+FC / Sudoku Easy,7,True,1.0,489,0,0.437179,0,2026-08-14T18:28:20+00:00
BT+FC / Sudoku Easy,8,True,1.0,489,0,0.506696,0,2026-08-14T18:28:20+00:00
BT+FC / Sudoku Easy,9,True,1.0,489,0,0.569115,0,2026-08-14T18:28:21+00:00
BT+FC / Sudoku Easy,10,True,1.0,489,0,0.404934,0,2026-08-14T18:28:21+00:00
BT+FC / Sudoku Easy,11,True,1.0,489,0,0.37557,0,2026-08-14T18:28:22+00:00
BT+FC / Sudoku Easy,12,True,1.0,489,0,0.444446,0,2026-08-14T18:28:22+00:00
BT+FC / Sudoku Easy,13,True,1.0,489,0,0.443848,0,2026-08-14T18:28:23+00:00
BT+FC / Sudoku Easy,14,True,1.0,489,0,0.369467,0,2026-08-14T18:28:23+00:00
BT+FC / Sudoku Easy,15,True,1.0,489,0,0.411872,0,2026-08-14T18:28:23+00:00
BT+FC / Sudoku Easy,16,True,1.0,489,0,0.376661,0,2026-08-14T18:28:24+00:00
BT+FC / Sudoku Easy,17,True,1.0,489,0,0.415366,0,2026-08-14T18:28:24+00:00
BT+FC / Sudoku Easy,18,True,1.0,489,0,0.369715,0,2026-08-14T18:28:25+00:00
BT+FC / Sudoku Easy,19,True,1.0,489,0,0.396129,0,2026-08-14T18:28:25+00:00
BT+FC / Sudoku Easy,20,True,1.0,489,0,0.389392,0,2026-08-14T18:28:25+00:00
BT+FC / Sudoku Easy,21,True,1.0,489,0,0.394794,0,2026-08-14T18:28:26+00:00
BT+FC / Sudoku Easy,22,True,1.0,489,0,0.403033,0,2026-08-14T18:28:26+00:00
BT+FC / Sudoku Easy,23,True,1.0,489,0,0.387872,0,2026-08-14T18:28:27+00:00
BT+FC / Sudoku Easy,24,True,1.0,489,0,0.326059,0,2026-08-14T18:28:27+00:00
BT+FC / Sudoku Easy,25,True,1.0,489,0,0.327453,0,2026-08-14T18:28:27+00:00
BT+FC / Sudoku Easy,26,True,1.0,489,0,0.3957,0,2026-08-14T18:28:28+00:00
BT+FC / Sudoku Easy,27,True,1.0,489,0,0.401621,0,2026-08-14T18:28:28+00:00
BT+FC / Sudoku Easy,28,True,1.0,489,0,0.442975,0,2026-08-14T18:28:29+00:00
BT+FC / Sudoku Easy,29,True,1.0,489,0,0.392525,0,2026-08-14T18:28:29+00:00
BT+FC / Sudoku Easy,30,True,1.0,489,0,0.460991,0,2026-08-14T18:28:29+00:00
BT+MAC / Sudoku Easy,1,True,1.0,402,0,0.602195,0,2026-08-14T18:28:30+00:00
BT+MAC / Sudoku Easy,2,True,1.0,402,0,0.566317,0,2026-08-14T18:28:31+00:00
BT+MAC / Sudoku Easy,3,True,1.0,402,0,0.927075,0,2026-08-14T18:28:32+00:00
BT+MAC / Sudoku Easy,4,True,1.0,402,0,0.563687,0,2026-08-14T18:28:32+00:00
BT+MAC / Sudoku Easy,5,True,1.0,402,0,0.644551,0,2026-08-14T18:28:33+00:00
BT+MAC / Sudoku Easy,6,True,1.0,402,0,0.689013,0,2026-08-14T18:28:33+00:00
BT+MAC / Sudoku Easy,7,True,1.0,402,0,0.580619,0,2026-08-14T18:28:34+00:00
BT+MAC / Sudoku Easy,8,True,1.0,402,0,0.572902,0,2026-08-14T18:28:35+00:00
BT+MAC / Sudoku Easy,9,True,1.0,402,0,0.632325,0,2026-08-14T18:28:35+00:00
BT+MAC / Sudoku Easy,10,True,1.0,402,0,0.659003,0,2026-08-14T18:28:36+00:00
BT+MAC / Sudoku Easy,11,True,1.0,402,0,0.525859,0,2026-08-14T18:28:36+00:00
BT+MAC / Sudoku Easy,12,True,1.0,402,0,0.637199,0,2026-08-14T18:28:37+00:00
BT+MAC / Sudoku Easy,13,True,1.0,402,0,0.598089,0,2026-08-14T18:28:38+00:00
BT+MAC / Sudoku Easy,14,True,1.0,402,0,0.725802,0,2026-08-14T18:28:38+00:00
BT+MAC / Sudoku Easy,15,True,1.0,402,0,0.715566,0,2026-08-14T18:28:39+00:00
BT+MAC / Sudoku Easy,16,True,1.0,402,0,0.724129,0,2026-08-14T18:28:40+00:00
BT+MAC / Sudoku Easy,17,True,1.0,402,0,0.621716,0,2026-08-14T18:28:41+00:00
BT+MAC / Sudoku Easy,18,True,1.0,402,0,0.590996,0,2026-08-14T18:28:41+00:00
BT+MAC / Sudoku Easy,19,True,1.0,402,0,0.51228,0,2026-08-14T18:28:42+00:00
BT+MAC / Sudoku Easy,20,True,1.0,402,0,0.639119,0,2026-08-14T18:28:42+00:00
BT+MAC / Sudoku Easy,21,True,1.0,402,0,0.583817,0,2026-08-14T18:28:43+00:00
BT+MAC / Sudoku Easy,22,True,1.0,402,0,0.61803,0,2026-08-14T18:28:44+00:00
BT+MAC / Sudoku Easy,23,True,1.0,402,0,0.570979,0,2026-08-14T18:28:44+00:00
BT+MAC / Sudoku Easy,24,True,1.0,402,0,0.86715,0,2026-08-14T18:28:45+00:00
BT+MAC / Sudoku Easy,25,True,1.0,402,0,0.585065,0,2026-08-14T18:28:46+00:00
BT+MAC / Sudoku Easy,26,True,1.0,402,0,0.581411,0,2026-08-14T18:28:46+00:00
BT+MAC / Sudoku Easy,27,True,1.0,402,0,0.63708,0,2026-08-14T18:28:47+00:00
BT+MAC / Sudoku Easy,28,True,1.0,402,0,0.643424,0,2026-08-14T18:28:47+00:00
BT+MAC / Sudoku Easy,29,True,1.0,402,0,0.621846,0,2026-08-14T18:28:48+00:00
BT+MAC / Sudoku Easy,30,True,1.0,402,0,0.655697,0,2026-08-14T18:28:49+00:00
BT+MRV+FC / Sudoku Easy,1,True,1.0,81,0,0.110229,0,2026-08-14T18:28:49+00:00
BT+MRV+FC / Sudoku Easy,2,True,1.0,81,0,0.08121,0,2026-08-14T18:28:49+00:00
BT+MRV+FC / Sudoku Easy,3,True,1.0,81,0,0.084471,0,2026-08-14T18:28:49+00:00
BT+MRV+FC / Sudoku Easy,4,True,1.0,81,0,0.084902,0,2026-08-14T18:28:49+00:00
BT+MRV+FC / Sudoku Easy,5,True,1.0,81,0,0.178491,0,2026-08-14T18:28:49+00:00
BT+MRV+FC / Sudoku Easy,6,True,1.0,81,0,0.162174,0,2026-08-14T18:28:50+00:00
BT+MRV+FC / Sudoku Easy,7,True,1.0,81,0,0.078181,0,2026-08-14T18:28:50+00:00
BT+MRV+FC / Sudoku Easy,8,True,1.0,81,0,0.090918,0,2026-08-14T18:28:50+00:00
BT+MRV+FC / Sudoku Easy,9,True,1.0,81,0,0.114162,0,2026-08-14T18:28:50+00:00
BT+MRV+FC / Sudoku Easy,10,True,1.0,81,0,0.125772,0,2026-08-14T18:28:50+00:00
BT+MRV+FC / Sudoku Easy,11,True,1.0,81,0,0.103332,0,2026-08-14T18:28:50+00:00
BT+MRV+FC / Sudoku Easy,12,True,1.0,81,0,0.089172,0,2026-08-14T18:28:50+00:00
BT+MRV+FC / Sudoku Easy,13,True,1.0,81,0,0.105667,0,2026-08-14T18:28:50+00:00
BT+MRV+FC / Sudoku Easy,14,True,1.0,81,0,0.109877,0,2026-08-14T18:28:50+00:00
BT+MRV+FC / Sudoku Easy,15,True,1.0,81,0,0.129209,0,2026-08-14T18:28:51+00:00
BT+MRV+FC / Sudoku Easy,16,True,1.0,81,0,0.142726,0,2026-08-14T18:28:51+00:00
BT+MRV+FC / Sudoku Easy,17,True,1.0,81,0,0.101559,0,2026-08-14T18:28:51+00:00
BT+MRV+FC / Sudoku Easy,18,True,1.0,81,0,0.119983,0,2026-08-14T18:28:51+00:00
BT+MRV+FC / Sudoku Easy,19,True,1.0,81,0,0.09818,0,2026-08-14T18:28:51+00:00
BT+MRV+FC / Sudoku Easy,20,True,1.0,81,0,0.124447,0,2026-08-14T18:28:51+00:00
BT+MRV+FC / Sudoku Easy,21,True,1.0,81,0,0.131138,0,2026-08-14T18:28:51+00:00
BT+MRV+FC / Sudoku Easy,22,True,1.0,81,0,0.182864,0,2026-08-14T18:28:52+00:00
BT+MRV+FC / Sudoku Easy,23,True,1.0,81,0,0.146613,0,2026-08-14T18:28:52+00:00
BT+MRV+FC / Sudoku Easy,24,True,1.0,81,0,0.09049,0,2026-08-14T18:28:52+00:00
BT+MRV+FC / Sudoku Easy,25,True,1.0,81,0,0.121415,0,2026-08-14T18:28:52+00:00
BT+MRV+FC / Sudoku Easy,26,True,1.0,81,0,0.114298,0,2026-08-14T18:28:52+00:00
BT+MRV+FC / Sudoku Easy,27,True,1.0,81,0,0.1459,0,2026-08-14T18:28:52+00:00
BT+MRV+FC / Sudoku Easy,28,True,1.0,81,0,0.11672,0,2026-08-14T18:28:52+00:00
BT+MRV+FC / Sudoku Easy,29,True,1.0,81,0,0.100819,0,2026-08-14T18:28:52+00:00
BT+MRV+FC / Sudoku Easy,30,True,1.0,81,0,0.114857,0,2026-08-14T18:28:53+00:00
BT+MRV+MAC / Sudoku Easy,1,True,1.0,81,0,0.210123,0,2026-08-14T18:28:53+00:00
BT+MRV+MAC / Sudoku Easy,2,True,1.0,81,0,0.225738,0,2026-08-14T18:28:53+00:00
BT+MRV+MAC / Sudoku Easy,3,True,1.0,81,0,0.219769,0,2026-08-14T18:28:53+00:00
BT+MRV+MAC / Sudoku Easy,4,True,1.0,81,0,0.180581,0,2026-08-14T18:28:53+00:00
BT+MRV+MAC / Sudoku Easy,5,True,1.0,81,0,0.22436,0,2026-08-14T18:28:54+00:00
BT+MRV+MAC / Sudoku Easy,6,True,1.0,81,0,0.255888,0,2026-08-14T18:28:54+00:00
BT+MRV+MAC / Sudoku Easy,7,True,1.0,81,0,0.17509,0,2026-08-14T18:28:54+00:00
BT+MRV+MAC / Sudoku Easy,8,True,1.0,81,0,0.216923,0,2026-08-14T18:28:54+00:00
BT+MRV+MAC / Sudoku Easy,9,True,1.0,81,0,0.199448,0,2026-08-14T18:28:55+00:00
BT+MRV+MAC / Sudoku Easy,10,True,1.0,81,0,0.185527,0,2026-08-14T18:28:55+00:00
BT+MRV+MAC / Sudoku Easy,11,True,1.0,81,0,0.188662,0,2026-08-14T18:28:55+00:00
BT+MRV+MAC / Sudoku Easy,12,True,1.0,81,0,0.223403,0,2026-08-14T18:28:55+00:00
BT+MRV+MAC / Sudoku Easy,13,True,1.0,81,0,0.223751,0,2026-08-14T18:28:55+00:00
BT+MRV+MAC / Sudoku Easy,14,True,1.0,81,0,0.208535,0,2026-08-14T18:28:56+00:00
BT+MRV+MAC / Sudoku Easy,15,True,1.0,81,0,0.225803,0,2026-08-14T18:28:56+00:00
BT+MRV+MAC / Sudoku Easy,16,True,1.0,81,0,0.464141,0,2026-08-14T18:28:56+00:00
BT+MRV+MAC / Sudoku Easy,17,True,1.0,81,0,0.214326,0,2026-08-14T18:28:57+00:00
BT+MRV+MAC / Sudoku Easy,18,True,1.0,81,0,0.206058,0,2026-08-14T18:28:57+00:00
BT+MRV+MAC / Sudoku Easy,19,True,1.0,81,0,0.239879,0,2026-08-14T18:28:57+00:00
BT+MRV+MAC / Sudoku Easy,20,True,1.0,81,0,0.175777,0,2026-08-14T18:28:57+00:00
BT+MRV+MAC / Sudoku Easy,21,True,1.0,81,0,0.180862,0,2026-08-14T18:28:57+00:00
BT+MRV+MAC / Sudoku Easy,22,True,1.0,81,0,0.214058,0,2026-08-14T18:28:58+00:00
BT+MRV+MAC / Sudoku Easy,23,True,1.0,81,0,0.224026,0,2026-08-14T18:28:58+00:00
BT+MRV+MAC / Sudoku Easy,24,True,1.0,81,0,0.264379,0,2026-08-14T18:28:58+00:00
BT+MRV+MAC / Sudoku Easy,25,True,1.0,81,0,0.195221,0,2026-08-14T18:28:58+00:00
BT+MRV+MAC / Sudoku Easy,26,True,1.0,81,0,0.201762,0,2026-08-14T18:28:59+00:00
BT+MRV+MAC / Sudoku Easy,27,True,1.0,81,0,0.201922,0,2026-08-14T18:28:59+00:00
BT+MRV+MAC / Sudoku Easy,28,True,1.0,81,0,0.210258,0,2026-08-14T18:28:59+00:00
BT+MRV+MAC / Sudoku Easy,29,True,1.0,81,0,0.205644,0,2026-08-14T18:28:59+00:00
BT+MRV+MAC / Sudoku Easy,30,True,1.0,81,0,0.212307,0,2026-08-14T18:28:59+00:00
BT+Degree / Sudoku Easy,1,False,0,1449935,0,10.0,0,2026-08-14T18:32:38+00:00
BT (Naive) / Map Coloring,1,True,1.0,11,0,0.002996,0,2026-08-14T18:33:32+00:00
BT (Naive) / Map Coloring,2,True,1.0,11,0,0.00057,0,2026-08-14T18:33:32+00:00
BT (Naive) / Map Coloring,3,True,1.0,11,0,0.000493,0,2026-08-14T18:33:32+00:00
BT (Naive) / Map Coloring,4,True,1.0,11,0,0.000593,0,2026-08-14T18:33:32+00:00
BT (Naive) / Map Coloring,5,True,1.0,11,0,0.000513,0,2026-08-14T18:33:32+00:00
BT+MRV / Map Coloring,1,True,1.0,11,0,0.000577,0,2026-08-14T18:33:32+00:00
BT+MRV / Map Coloring,2,True,1.0,11,0,0.000581,0,2026-08-14T18:33:32+00:00
BT+MRV / Map Coloring,3,True,1.0,11,0,0.0005,0,2026-08-14T18:33:32+00:00
BT+MRV / Map Coloring,4,True,1.0,11,0,0.000555,0,2026-08-14T18:33:32+00:00
BT+MRV / Map Coloring,5,True,1.0,11,0,0.000621,0,2026-08-14T18:33:32+00:00
BT+FC / Map Coloring,1,True,1.0,7,0,0.000929,0,2026-08-14T18:33:32+00:00
BT+FC / Map Coloring,2,True,1.0,7,0,0.000749,0,2026-08-14T18:33:32+00:00
BT+FC / Map Coloring,3,True,1.0,7,0,0.000726,0,2026-08-14T18:33:32+00:00
BT+FC / Map Coloring,4,True,1.0,7,0,0.000628,0,2026-08-14T18:33:32+00:00
BT+FC / Map Coloring,5,True,1.0,7,0,0.000609,0,2026-08-14T18:33:32+00:00
BT+MAC / Map Coloring,1,True,1.0,7,0,0.000948,0,2026-08-14T18:33:32+00:00
BT+MAC / Map Coloring,2,True,1.0,7,0,0.000973,0,2026-08-14T18:33:32+00:00
BT+MAC / Map Coloring,3,True,1.0,7,0,0.000851,0,2026-08-14T18:33:32+00:00
BT+MAC / Map Coloring,4,True,1.0,7,0,0.001236,0,2026-08-14T18:33:32+00:00
BT+MAC / Map Coloring,5,True,1.0,7,0,0.000894,0,2026-08-14T18:33:32+00:00
BT+MRV+FC / Map Coloring,1,True,1.0,7,0,0.000989,0,2026-08-14T18:33:32+00:00
BT+MRV+FC / Map Coloring,2,True,1.0,7,0,0.000849,0,2026-08-14T18:33:32+00:00
BT+MRV+FC / Map Coloring,3,True,1.0,7,0,0.000664,0,2026-08-14T18:33:32+00:00
BT+MRV+FC / Map Coloring,4,True,1.0,7,0,0.001022,0,2026-08-14T18:33:32+00:00
BT+MRV+FC / Map Coloring,5,True,1.0,7,0,0.000672,0,2026-08-14T18:33:32+00:00
BT+MRV+MAC / Map Coloring,1,True,1.0,7,0,0.00072,0,2026-08-14T18:33:32+00:00
BT+MRV+MAC / Map Coloring,2,True,1.0,7,0,0.000924,0,2026-08-14T18:33:32+00:00
BT+MRV+MAC / Map Coloring,3,True,1.0,7,0,0.00085,0,2026-08-14T18:33:32+00:00
BT+MRV+MAC / Map Coloring,4,True,1.0,7,0,0.000704,0,2026-08-14T18:33:32+00:00
BT+MRV+MAC / Map Coloring,5,True,1.0,7,0,0.000757,0,2026-08-14T18:33:32+00:00
BT+Degree / Map Coloring,1,True,1.0,15,0,0.001656,0,2026-08-14T18:33:32+00:00
BT+Degree / Map Coloring,2,True,1.0,15,0,0.000789,0,2026-08-14T18:33:32+00:00
BT+Degree / Map Coloring,3,True,1.0,15,0,0.000872,0,2026-08-14T18:33:32+00:00
BT+Degree / Map Coloring,4,True,1.0,15,0,0.000637,0,2026-08-14T18:33:32+00:00
BT+Degree / Map Coloring,5,True,1.0,15,0,0.00064,0,2026-08-14T18:33:32+00:00
BT+LCV / Map Coloring,1,True,1.0,11,0,0.000864,0,2026-08-14T18:33:32+00:00
BT+LCV / Map Coloring,2,True,1.0,11,0,0.000584,0,2026-08-14T18:33:32+00:00
BT+LCV / Map Coloring,3,True,1.0,11,0,0.00064,0,2026-08-14T18:33:32+00:00
BT+LCV / Map Coloring,4,True,1.0,11,0,0.001014,0,2026-08-14T18:33:32+00:00
BT+LCV / Map Coloring,5,True,1.0,11,0,0.000795,0,2026-08-14T18:33:32+00:00
Backjumping / Map Coloring,1,True,1.0,11,0,0.000661,0,2026-08-14T18:33:32+00:00
Backjumping / Map Coloring,2,True,1.0,11,0,0.000585,0,2026-08-14T18:33:32+00:00
Backjumping / Map Coloring,3,True,1.0,11,0,0.000676,0,2026-08-14T18:33:32+00:00
Backjumping / Map Coloring,4,True,1.0,11,0,0.000609,0,2026-08-14T18:33:32+00:00
Backjumping / Map Coloring,5,True,1.0,11,0,0.000552,0,2026-08-14T18:33:32+00:00
CBJ / Map Coloring,1,True,1.0,11,0,0.000645,0,2026-08-14T18:33:32+00:00
CBJ / Map Coloring,2,True,1.0,11,0,0.000597,0,2026-08-14T18:33:32+00:00
CBJ / Map Coloring,3,True,1.0,11,0,0.000537,0,2026-08-14T18:33:32+00:00
CBJ / Map Coloring,4,True,1.0,11,0,0.000596,0,2026-08-14T18:33:32+00:00
CBJ / Map Coloring,5,True,1.0,11,0,0.000569,0,2026-08-14T18:33:32+00:00
Symmetric BT / Map Coloring,1,True,1.0,11,0,0.000527,0,2026-08-14T18:33:32+00:00
Symmetric BT / Map Coloring,2,True,1.0,11,0,0.000598,0,2026-08-14T18:33:32+00:00
Symmetric BT / Map Coloring,3,True,1.0,11,0,0.000788,0,2026-08-14T18:33:32+00:00
Symmetric BT / Map Coloring,4,True,1.0,11,0,0.000499,0,2026-08-14T18:33:32+00:00
Symmetric BT / Map Coloring,5,True,1.0,11,0,0.000573,0,2026-08-14T18:33:32+00:00
Min-Conflicts / Map Coloring,1,True,1.0,3,0,0.000409,0,2026-08-14T18:33:32+00:00
Min-Conflicts / Map Coloring,2,True,1.0,5,0,0.000363,0,2026-08-14T18:33:32+00:00
Min-Conflicts / Map Coloring,3,True,1.0,6,0,0.000595,0,2026-08-14T18:33:32+00:00
Min-Conflicts / Map Coloring,4,True,1.0,5,0,0.000413,0,2026-08-14T18:33:32+00:00
Min-Conflicts / Map Coloring,5,True,1.0,5,0,0.000377,0,2026-08-14T18:33:32+00:00
BT (Naive) / 8-Queens,1,True,1.0,876,0,0.0079,0,2026-08-14T18:33:32+00:00
BT (Naive) / 8-Queens,2,True,1.0,876,0,0.00807,0,2026-08-14T18:33:32+00:00
BT (Naive) / 8-Queens,3,True,1.0,876,0,0.007814,0,2026-08-14T18:33:32+00:00
BT (Naive) / 8-Queens,4,True,1.0,876,0,0.010069,0,2026-08-14T18:33:32+00:00
BT (Naive) / 8-Queens,5,True,1.0,876,0,0.007972,0,2026-08-14T18:33:32+00:00
BT+MRV / 8-Queens,1,True,1.0,876,0,0.007333,0,2026-08-14T18:33:32+00:00
BT+MRV / 8-Queens,2,True,1.0,876,0,0.007459,0,2026-08-14T18:33:32+00:00
BT+MRV / 8-Queens,3,True,1.0,876,0,0.007335,0,2026-08-14T18:33:32+00:00
BT+MRV / 8-Queens,4,True,1.0,876,0,0.007281,0,2026-08-14T18:33:32+00:00
BT+MRV / 8-Queens,5,True,1.0,876,0,0.007497,0,2026-08-14T18:33:32+00:00
BT+FC / 8-Queens,1,True,1.0,88,0,0.005209,0,2026-08-14T18:33:32+00:00
BT+FC / 8-Queens,2,True,1.0,88,0,0.003758,0,2026-08-14T18:33:32+00:00
BT+FC / 8-Queens,3,True,1.0,88,0,0.003602,0,2026-08-14T18:33:32+00:00
BT+FC / 8-Queens,4,True,1.0,88,0,0.004215,0,2026-08-14T18:33:32+00:00
BT+FC / 8-Queens,5,True,1.0,88,0,0.004035,0,2026-08-14T18:33:32+00:00
BT+MAC / 8-Queens,1,True,1.0,20,0,0.004376,0,2026-08-14T18:33:32+00:00
BT+MAC / 8-Queens,2,True,1.0,20,0,0.005118,0,2026-08-14T18:33:32+00:00
BT+MAC / 8-Queens,3,True,1.0,20,0,0.004516,0,2026-08-14T18:33:32+00:00
BT+MAC / 8-Queens,4,True,1.0,20,0,0.004152,0,2026-08-14T18:33:32+00:00
BT+MAC / 8-Queens,5,True,1.0,20,0,0.005057,0,2026-08-14T18:33:32+00:00
BT+MRV+FC / 8-Queens,1,True,1.0,75,0,0.003496,0,2026-08-14T18:33:32+00:00
BT+MRV+FC / 8-Queens,2,True,1.0,75,0,0.003634,0,2026-08-14T18:33:32+00:00
BT+MRV+FC / 8-Queens,3,True,1.0,75,0,0.003703,0,2026-08-14T18:33:32+00:00
BT+MRV+FC / 8-Queens,4,True,1.0,75,0,0.003836,0,2026-08-14T18:33:32+00:00
BT+MRV+FC / 8-Queens,5,True,1.0,75,0,0.003541,0,2026-08-14T18:33:32+00:00
BT+MRV+MAC / 8-Queens,1,True,1.0,20,0,0.00416,0,2026-08-14T18:33:32+00:00
BT+MRV+MAC / 8-Queens,2,True,1.0,20,0,0.005453,0,2026-08-14T18:33:32+00:00
BT+MRV+MAC / 8-Queens,3,True,1.0,20,0,0.004704,0,2026-08-14T18:33:32+00:00
BT+MRV+MAC / 8-Queens,4,True,1.0,20,0,0.005683,0,2026-08-14T18:33:32+00:00
BT+MRV+MAC / 8-Queens,5,True,1.0,20,0,0.005366,0,2026-08-14T18:33:32+00:00
BT+Degree / 8-Queens,1,True,1.0,876,0,0.009462,0,2026-08-14T18:33:32+00:00
BT+Degree / 8-Queens,2,True,1.0,876,0,0.008702,0,2026-08-14T18:33:32+00:00
BT+Degree / 8-Queens,3,True,1.0,876,0,0.008136,0,2026-08-14T18:33:32+00:00
BT+Degree / 8-Queens,4,True,1.0,876,0,0.012848,0,2026-08-14T18:33:32+00:00
BT+Degree / 8-Queens,5,True,1.0,876,0,0.008277,0,2026-08-14T18:33:32+00:00
BT+LCV / 8-Queens,1,True,1.0,991,0,0.021704,0,2026-08-14T18:33:32+00:00
BT+LCV / 8-Queens,2,True,1.0,991,0,0.021805,0,2026-08-14T18:33:32+00:00
BT+LCV / 8-Queens,3,True,1.0,991,0,0.021665,0,2026-08-14T18:33:32+00:00
BT+LCV / 8-Queens,4,True,1.0,991,0,0.027682,0,2026-08-14T18:33:32+00:00
BT+LCV / 8-Queens,5,True,1.0,991,0,0.025563,0,2026-08-14T18:33:32+00:00
Backjumping / 8-Queens,1,True,1.0,844,0,0.00935,0,2026-08-14T18:33:32+00:00
Backjumping / 8-Queens,2,True,1.0,844,0,0.008711,0,2026-08-14T18:33:32+00:00
Backjumping / 8-Queens,3,True,1.0,844,0,0.008474,0,2026-08-14T18:33:32+00:00
Backjumping / 8-Queens,4,True,1.0,844,0,0.008972,0,2026-08-14T18:33:32+00:00
Backjumping / 8-Queens,5,True,1.0,844,0,0.009738,0,2026-08-14T18:33:32+00:00
CBJ / 8-Queens,1,True,1.0,862,0,0.009323,0,2026-08-14T18:33:32+00:00
CBJ / 8-Queens,2,True,1.0,862,0,0.009447,0,2026-08-14T18:33:32+00:00
CBJ / 8-Queens,3,True,1.0,862,0,0.008991,0,2026-08-14T18:33:32+00:00
CBJ / 8-Queens,4,True,1.0,862,0,0.008643,0,2026-08-14T18:33:32+00:00
CBJ / 8-Queens,5,True,1.0,862,0,0.00971,0,2026-08-14T18:33:32+00:00
Symmetric BT / 8-Queens,1,True,1.0,876,0,0.008386,0,2026-08-14T18:33:32+00:00
Symmetric BT / 8-Queens,2,True,1.0,876,0,0.008643,0,2026-08-14T18:33:32+00:00
Symmetric BT / 8-Queens,3,True,1.0,876,0,0.008883,0,2026-08-14T18:33:32+00:00
Symmetric BT / 8-Queens,4,True,1.0,876,0,0.008753,0,2026-08-14T18:33:32+00:00
Symmetric BT / 8-Queens,5,True,1.0,876,0,0.008446,0,2026-08-14T18:33:32+00:00
Min-Conflicts / 8-Queens,1,True,1.0,48,0,0.004939,0,2026-08-14T18:33:32+00:00
Min-Conflicts / 8-Queens,2,True,1.0,42,0,0.003696,0,2026-08-14T18:33:32+00:00
Min-Conflicts / 8-Queens,3,True,1.0,54,0,0.004579,0,2026-08-14T18:33:32+00:00
Min-Conflicts / 8-Queens,4,True,1.0,105,0,0.009422,0,2026-08-14T18:33:32+00:00
Min-Conflicts / 8-Queens,5,True,1.0,145,0,0.013166,0,2026-08-14T18:33:32+00:00
BT+MRV / Sudoku Easy,1,True,1.0,1637,0,0.250054,0,2026-08-14T18:33:33+00:00
BT+MRV / Sudoku Easy,2,True,1.0,1637,0,0.207329,0,2026-08-14T18:33:33+00:00
BT+MRV / Sudoku Easy,3,True,1.0,1637,0,0.218999,0,2026-08-14T18:33:33+00:00
BT+MRV / Sudoku Easy,4,True,1.0,1637,0,0.162531,0,2026-08-14T18:33:33+00:00
BT+MRV / Sudoku Easy,5,True,1.0,1637,0,0.132467,0,2026-08-14T18:33:33+00:00
BT+FC / Sudoku Easy,1,True,1.0,489,0,0.264924,0,2026-08-14T18:33:34+00:00
BT+FC / Sudoku Easy,2,True,1.0,489,0,0.306814,0,2026-08-14T18:33:34+00:00
BT+FC / Sudoku Easy,3,True,1.0,489,0,0.276283,0,2026-08-14T18:33:34+00:00
BT+FC / Sudoku Easy,4,True,1.0,489,0,0.478503,0,2026-08-14T18:33:35+00:00
BT+FC / Sudoku Easy,5,True,1.0,489,0,0.512097,0,2026-08-14T18:33:35+00:00
BT+MAC / Sudoku Easy,1,True,1.0,402,0,0.661868,0,2026-08-14T18:33:36+00:00
BT+MAC / Sudoku Easy,2,True,1.0,402,0,0.627858,0,2026-08-14T18:33:36+00:00
BT+MAC / Sudoku Easy,3,True,1.0,402,0,0.673917,0,2026-08-14T18:33:37+00:00
BT+MAC / Sudoku Easy,4,True,1.0,402,0,0.585227,0,2026-08-14T18:33:38+00:00
BT+MAC / Sudoku Easy,5,True,1.0,402,0,0.600142,0,2026-08-14T18:33:38+00:00
BT+MRV+FC / Sudoku Easy,1,True,1.0,81,0,0.089718,0,2026-08-14T18:33:38+00:00
BT+MRV+FC / Sudoku Easy,2,True,1.0,81,0,0.080237,0,2026-08-14T18:33:39+00:00
BT+MRV+FC / Sudoku Easy,3,True,1.0,81,0,0.105167,0,2026-08-14T18:33:39+00:00
BT+MRV+FC / Sudoku Easy,4,True,1.0,81,0,0.179779,0,2026-08-14T18:33:39+00:00
BT+MRV+FC / Sudoku Easy,5,True,1.0,81,0,0.098257,0,2026-08-14T18:33:39+00:00
BT+MRV+MAC / Sudoku Easy,1,True,1.0,81,0,0.178988,0,2026-08-14T18:33:39+00:00
BT+MRV+MAC / Sudoku Easy,2,True,1.0,81,0,0.176704,0,2026-08-14T18:33:39+00:00
BT+MRV+MAC / Sudoku Easy,3,True,1.0,81,0,0.195215,0,2026-08-14T18:33:40+00:00
BT+MRV+MAC / Sudoku Easy,4,True,1.0,81,0,0.189243,0,2026-08-14T18:33:40+00:00
BT+MRV+MAC / Sudoku Easy,5,True,1.0,81,0,0.205121,0,2026-08-14T18:33:40+00:00
BT+Degree / Sudoku Easy,1,False,0,1449935,0,10.0,0,2026-08-14T18:38:18+00:00
